issue_number,issue_created_at,issue_closed_at,fix_commit_sha,fix_commit_date,fixing_pr_number,mapping_confidence,mapping_method
50,2021-11-20T08:27:52+00:00,2021-12-01T12:58:32+00:00,,2021-12-01T12:58:32+00:00,,low,issue_closed_at_fallback
114,2021-12-02T09:31:11+00:00,2021-12-06T15:01:31+00:00,,2021-12-06T15:01:31+00:00,,low,issue_closed_at_fallback
106,2021-11-30T13:57:25+00:00,2021-12-06T15:05:02+00:00,,2021-12-06T15:05:02+00:00,,low,issue_closed_at_fallback
180,2021-12-19T07:05:57+00:00,2021-12-19T20:08:07+00:00,,2021-12-19T20:08:07+00:00,,low,issue_closed_at_fallback
153,2021-12-14T13:27:39+00:00,2021-12-23T03:41:19+00:00,7270c578e9e146971ff4e7ff6748a7fd96c59cc1,2021-12-23T03:41:19+00:00,193.0,medium,pull_request_keyword
196,2021-12-23T18:17:58+00:00,2022-01-03T11:50:31+00:00,,2022-01-03T11:50:31+00:00,,low,issue_closed_at_fallback
354,2022-02-20T00:49:26+00:00,2022-02-24T03:58:33+00:00,,2022-02-24T03:58:33+00:00,,low,issue_closed_at_fallback
369,2022-02-22T08:38:57+00:00,2022-02-25T01:48:48+00:00,f8f77db79b0854a903d4bce5ef2a86b174f0cd9e,2022-02-24T20:48:47-05:00,,high,commit_message_keyword
143,2021-12-13T22:27:52+00:00,2022-04-12T08:16:07+00:00,30891806309452b6ece9e6b42764d8d7d3ca715c,2022-04-12T16:16:05+08:00,,high,commit_message_keyword
509,2022-05-26T09:58:51+00:00,2022-05-30T10:42:18+00:00,,2022-05-30T10:42:18+00:00,,low,issue_closed_at_fallback
508,2022-05-26T09:33:18+00:00,2022-05-30T10:42:48+00:00,,2022-05-30T10:42:48+00:00,,low,issue_closed_at_fallback
502,2022-05-19T21:15:11+00:00,2022-06-04T06:09:09+00:00,,2022-06-04T06:09:09+00:00,,low,issue_closed_at_fallback
482,2022-05-04T14:18:45+00:00,2022-06-09T01:27:43+00:00,,2022-06-09T01:27:43+00:00,,low,issue_closed_at_fallback
471,2022-04-29T19:22:22+00:00,2022-06-11T18:42:49+00:00,,2022-06-11T18:42:49+00:00,,low,issue_closed_at_fallback
595,2022-07-06T14:13:25+00:00,2022-07-11T02:56:10+00:00,,2022-07-11T02:56:10+00:00,,low,issue_closed_at_fallback
11,2021-11-16T06:59:51+00:00,2022-07-28T14:17:21+00:00,,2022-07-28T14:17:21+00:00,,low,issue_closed_at_fallback
811,2022-08-11T03:31:24+00:00,2022-08-11T11:08:31+00:00,,2022-08-11T11:08:31+00:00,,low,issue_closed_at_fallback
814,2022-08-11T03:58:02+00:00,2022-08-11T11:08:32+00:00,,2022-08-11T11:08:32+00:00,,low,issue_closed_at_fallback
827,2022-08-11T12:14:06+00:00,2022-08-11T14:36:07+00:00,,2022-08-11T14:36:07+00:00,,low,issue_closed_at_fallback
832,2022-08-12T05:40:17+00:00,2022-08-12T06:49:15+00:00,,2022-08-12T06:49:15+00:00,,low,issue_closed_at_fallback
889,2022-08-22T12:12:23+00:00,2022-08-23T05:14:27+00:00,,2022-08-23T05:14:27+00:00,,low,issue_closed_at_fallback
918,2022-08-26T03:51:24+00:00,2022-08-29T11:30:01+00:00,,2022-08-29T11:30:01+00:00,,low,issue_closed_at_fallback
937,2022-08-30T09:19:26+00:00,2022-08-31T01:38:12+00:00,,2022-08-31T01:38:12+00:00,,low,issue_closed_at_fallback
948,2022-08-31T01:42:46+00:00,2022-08-31T07:09:29+00:00,,2022-08-31T07:09:29+00:00,,low,issue_closed_at_fallback
1047,2022-09-14T13:11:06+00:00,2022-09-16T13:13:08+00:00,,2022-09-16T13:13:08+00:00,,low,issue_closed_at_fallback
1056,2022-09-15T13:56:20+00:00,2022-09-16T13:13:25+00:00,,2022-09-16T13:13:25+00:00,,low,issue_closed_at_fallback
796,2022-08-09T05:38:47+00:00,2022-09-21T12:06:50+00:00,4e0b9c87e275b8f878ea060e2b0718ef513706b6,2022-09-21T12:06:49+00:00,1088.0,medium,pull_request_keyword
1135,2022-09-23T01:14:54+00:00,2022-09-24T14:04:21+00:00,6fa79b65f608477835dc8325051574496e9bc29d,2022-09-24T14:04:20+00:00,1150.0,medium,pull_request_keyword
1129,2022-09-22T12:47:32+00:00,2022-09-25T02:58:15+00:00,cd183b569aae53c26232206f2531021578ad24a3,2022-09-25T03:13:08+00:00,1154.0,medium,pull_request_keyword
1126,2022-09-22T07:35:24+00:00,2022-09-25T07:28:34+00:00,a4b08e4f46d45a21a04bd0ada572fc5cae4596be,2022-09-25T07:28:37+00:00,1155.0,medium,pull_request_keyword
856,2022-08-15T16:47:20+00:00,2022-09-26T07:01:34+00:00,02fd2bc427d30cc2777021c12718157a101422f8,2022-09-26T07:01:33+00:00,1161.0,medium,pull_request_keyword
1193,2022-09-28T21:42:54+00:00,2022-10-07T07:14:54+00:00,,2022-10-07T07:14:54+00:00,,low,issue_closed_at_fallback
1206,2022-10-02T12:05:34+00:00,2022-10-08T09:09:59+00:00,ca8be6ab10e6b755b3a8d7fa90af3976f481cf1d,2022-10-08T09:10:04+00:00,1250.0,medium,pull_request_keyword
1151,2022-09-24T13:02:33+00:00,2022-10-14T08:09:41+00:00,f53c2567fcac75e2dc3c07294e6f11d95424563e,2022-10-14T08:09:40+00:00,1278.0,medium,pull_request_keyword
1306,2022-10-17T08:35:04+00:00,2022-10-17T14:02:06+00:00,,2022-10-17T14:02:06+00:00,,low,issue_closed_at_fallback
1296,2022-10-17T07:22:14+00:00,2022-10-19T01:13:44+00:00,,2022-10-19T01:13:44+00:00,,low,issue_closed_at_fallback
1298,2022-10-17T07:39:28+00:00,2022-10-21T01:48:56+00:00,bf1d4b923a7d470bccf6b09fa37a4eaa7ac4ad52,2022-10-21T01:48:55+00:00,1322.0,medium,pull_request_keyword
1081,2022-09-17T19:59:20+00:00,2022-10-23T10:11:50+00:00,,2022-10-23T10:11:50+00:00,,low,issue_closed_at_fallback
1330,2022-10-21T09:40:54+00:00,2022-10-25T03:25:12+00:00,,2022-10-25T03:25:12+00:00,,low,issue_closed_at_fallback
1325,2022-10-21T09:06:36+00:00,2022-10-25T06:34:34+00:00,,2022-10-25T06:34:34+00:00,,low,issue_closed_at_fallback
1351,2022-10-24T19:26:39+00:00,2022-10-26T07:00:25+00:00,,2022-10-26T07:00:25+00:00,,low,issue_closed_at_fallback
1345,2022-10-23T18:41:01+00:00,2022-11-01T13:01:37+00:00,cd8e4ddf00d5fae0e74c3ad3902a575a6abc9866,2022-11-01T13:01:36+00:00,1403.0,medium,pull_request_keyword
1368,2022-10-26T01:34:44+00:00,2022-11-07T09:36:45+00:00,,2022-11-07T09:36:45+00:00,,low,issue_closed_at_fallback
1413,2022-11-03T13:47:50+00:00,2022-11-07T12:21:00+00:00,,2022-11-07T12:21:00+00:00,,low,issue_closed_at_fallback
1035,2022-09-12T14:55:44+00:00,2022-11-09T03:44:17+00:00,,2022-11-09T03:44:17+00:00,,low,issue_closed_at_fallback
1276,2022-10-13T16:20:29+00:00,2022-11-09T04:05:15+00:00,,2022-11-09T04:05:15+00:00,,low,issue_closed_at_fallback
812,2022-08-11T03:34:39+00:00,2022-11-09T07:37:27+00:00,,2022-11-09T07:37:27+00:00,,low,issue_closed_at_fallback
894,2022-08-23T12:10:49+00:00,2022-11-12T08:20:50+00:00,,2022-11-12T08:20:50+00:00,,low,issue_closed_at_fallback
816,2022-08-11T04:29:17+00:00,2022-11-14T03:47:09+00:00,,2022-11-14T03:47:09+00:00,,low,issue_closed_at_fallback
1445,2022-11-12T11:57:17+00:00,2022-11-17T07:12:00+00:00,,2022-11-17T07:12:00+00:00,,low,issue_closed_at_fallback
545,2022-06-08T13:46:31+00:00,2022-11-25T08:25:44+00:00,,2022-11-25T08:25:44+00:00,,low,issue_closed_at_fallback
1480,2022-11-24T10:28:50+00:00,2022-11-29T07:07:15+00:00,,2022-11-29T07:07:15+00:00,,low,issue_closed_at_fallback
1292,2022-10-17T02:48:07+00:00,2022-11-30T12:51:57+00:00,,2022-11-30T12:51:57+00:00,,low,issue_closed_at_fallback
1297,2022-10-17T07:31:20+00:00,2022-11-30T12:54:11+00:00,,2022-11-30T12:54:11+00:00,,low,issue_closed_at_fallback
1526,2022-12-04T07:38:56+00:00,2022-12-05T01:54:48+00:00,0d879a60910b151af4491ad51fef715c3659924f,2022-12-05T01:54:48+00:00,1530.0,medium,pull_request_keyword
1525,2022-12-04T07:19:18+00:00,2022-12-05T01:55:12+00:00,,2022-12-05T01:55:12+00:00,,low,issue_closed_at_fallback
1527,2022-12-04T07:58:49+00:00,2022-12-05T01:55:22+00:00,,2022-12-05T01:55:22+00:00,,low,issue_closed_at_fallback
1498,2022-11-28T11:42:04+00:00,2022-12-05T07:17:45+00:00,,2022-12-05T07:17:45+00:00,,low,issue_closed_at_fallback
1406,2022-10-31T16:12:21+00:00,2022-12-08T08:14:13+00:00,,2022-12-08T08:14:13+00:00,,low,issue_closed_at_fallback
1586,2022-12-19T22:17:22+00:00,2022-12-20T01:57:19+00:00,079fab611894bc918af2104a3b2682b3f7a329e3,2022-12-20T01:57:16+00:00,1587.0,medium,pull_request_keyword
65,2021-11-21T15:05:54+00:00,2022-12-31T02:59:40+00:00,,2022-12-31T02:59:40+00:00,,low,issue_closed_at_fallback
1434,2022-11-10T13:19:08+00:00,2023-01-04T05:48:01+00:00,,2023-01-04T05:48:01+00:00,,low,issue_closed_at_fallback
1571,2022-12-14T06:51:10+00:00,2023-01-04T23:50:41+00:00,,2023-01-04T23:50:41+00:00,,low,issue_closed_at_fallback
1603,2022-12-22T14:56:00+00:00,2023-01-07T02:19:54+00:00,,2023-01-07T02:19:54+00:00,,low,issue_closed_at_fallback
1628,2023-01-01T09:44:21+00:00,2023-01-07T15:31:28+00:00,,2023-01-07T15:31:28+00:00,,low,issue_closed_at_fallback
1543,2022-12-06T15:16:42+00:00,2023-01-27T02:35:18+00:00,243a781b6cf905f44c1a803a803f31ba624e0e81,2023-01-27T02:35:17+00:00,1735.0,medium,pull_request_keyword
1763,2023-01-30T11:13:42+00:00,2023-01-31T05:55:19+00:00,,2023-01-31T05:55:19+00:00,,low,issue_closed_at_fallback
1799,2023-02-04T07:22:58+00:00,2023-02-06T07:12:07+00:00,,2023-02-06T07:12:07+00:00,,low,issue_closed_at_fallback
762,2022-08-03T13:37:28+00:00,2023-02-09T06:42:20+00:00,6b8c7d7bc61cc3331e57249ab2fc5da4d9d8ff7e,2023-02-09T14:42:18+08:00,,high,commit_message_keyword
1559,2022-12-09T16:41:52+00:00,2023-02-09T06:42:21+00:00,6b8c7d7bc61cc3331e57249ab2fc5da4d9d8ff7e,2023-02-09T14:42:18+08:00,,high,commit_message_keyword
1365,2022-10-25T16:08:44+00:00,2023-02-09T12:24:45+00:00,72768a2f773595562ad9536b48f36251d96a5f3c,2023-02-09T12:24:43+00:00,1828.0,medium,pull_request_keyword
1936,2023-03-08T00:54:20+00:00,2023-03-10T02:42:18+00:00,,2023-03-10T02:42:18+00:00,,low,issue_closed_at_fallback
1324,2022-10-21T08:59:47+00:00,2023-03-10T03:25:48+00:00,40c23b7c7d585dc47a9e3b90dbb53e154ff65686,2023-03-10T03:25:47+00:00,1951.0,medium,pull_request_keyword
1942,2023-03-08T15:18:45+00:00,2023-03-10T09:33:27+00:00,688d55e00fea42a9ccfd10e43cc00487f7747e76,2023-03-10T09:33:25+00:00,1953.0,medium,pull_request_keyword
1916,2023-03-03T12:43:17+00:00,2023-03-11T13:15:36+00:00,972ef2149c99fd291e28602c45c36613b0fd0214,2023-03-11T13:15:35+00:00,1952.0,medium,pull_request_keyword
1976,2023-03-12T07:20:23+00:00,2023-03-13T17:06:11+00:00,,2023-03-13T17:06:11+00:00,,low,issue_closed_at_fallback
1973,2023-03-12T06:56:56+00:00,2023-03-13T17:06:13+00:00,,2023-03-13T17:06:13+00:00,,low,issue_closed_at_fallback
1967,2023-03-12T03:45:33+00:00,2023-03-13T17:06:17+00:00,,2023-03-13T17:06:17+00:00,,low,issue_closed_at_fallback
1860,2023-02-15T06:10:18+00:00,2023-03-14T02:07:15+00:00,,2023-03-14T02:07:15+00:00,,low,issue_closed_at_fallback
1968,2023-03-12T03:50:38+00:00,2023-03-14T09:18:52+00:00,,2023-03-14T09:18:52+00:00,,low,issue_closed_at_fallback
1997,2023-03-15T06:37:36+00:00,2023-03-16T01:51:31+00:00,,2023-03-16T01:51:31+00:00,,low,issue_closed_at_fallback
1299,2022-10-17T07:46:28+00:00,2023-03-20T13:29:54+00:00,,2023-03-20T13:29:54+00:00,,low,issue_closed_at_fallback
1472,2022-11-21T09:30:16+00:00,2023-03-23T05:54:08+00:00,,2023-03-23T05:54:08+00:00,,low,issue_closed_at_fallback
2092,2023-03-23T12:32:54+00:00,2023-03-27T02:20:03+00:00,f9a1cb26233eeb7d80a6354913dc68ed279d2975,2023-03-27T02:20:01+00:00,2100.0,medium,pull_request_keyword
1871,2023-02-18T12:14:35+00:00,2023-03-27T04:47:43+00:00,,2023-03-27T04:47:43+00:00,,low,issue_closed_at_fallback
2067,2023-03-21T09:51:12+00:00,2023-03-27T04:48:09+00:00,,2023-03-27T04:48:09+00:00,,low,issue_closed_at_fallback
2098,2023-03-23T17:47:28+00:00,2023-03-27T08:57:22+00:00,,2023-03-27T08:57:22+00:00,,low,issue_closed_at_fallback
2139,2023-03-29T15:10:30+00:00,2023-03-30T19:38:59+00:00,b126e1f0b4c0516aaf25993dab8b45581a987c19,2023-03-30T06:07:49+00:00,2142.0,medium,pull_request_keyword
2147,2023-03-30T17:21:32+00:00,2023-03-31T02:10:12+00:00,9fff00f731ae855a79df2f2d3e0e62c200e5c317,2023-03-31T02:10:10+00:00,2148.0,medium,pull_request_keyword
2074,2023-03-22T03:04:03+00:00,2023-03-31T02:51:08+00:00,,2023-03-31T02:51:08+00:00,,low,issue_closed_at_fallback
2105,2023-03-24T20:27:42+00:00,2023-04-03T02:58:01+00:00,,2023-04-03T02:58:01+00:00,,low,issue_closed_at_fallback
1969,2023-03-12T06:41:36+00:00,2023-04-03T13:25:49+00:00,,2023-04-03T13:25:49+00:00,,low,issue_closed_at_fallback
2095,2023-03-23T14:45:30+00:00,2023-04-03T13:28:30+00:00,,2023-04-03T13:28:30+00:00,,low,issue_closed_at_fallback
2200,2023-04-05T19:58:06+00:00,2023-04-06T21:50:41+00:00,,2023-04-06T21:50:41+00:00,,low,issue_closed_at_fallback
2285,2023-04-17T13:14:49+00:00,2023-04-18T06:42:16+00:00,,2023-04-18T06:42:16+00:00,,low,issue_closed_at_fallback
433,2022-04-06T21:03:42+00:00,2023-04-19T11:04:09+00:00,,2023-04-19T11:04:09+00:00,,low,issue_closed_at_fallback
2275,2023-04-17T12:40:55+00:00,2023-04-21T04:47:09+00:00,,2023-04-21T04:47:09+00:00,,low,issue_closed_at_fallback
2171,2023-04-03T08:28:38+00:00,2023-04-24T02:17:10+00:00,,2023-04-24T02:17:10+00:00,,low,issue_closed_at_fallback
2102,2023-03-24T07:54:55+00:00,2023-04-24T02:21:34+00:00,9e4760336013eb6efcb47e976a49b189bf1f1857,2023-04-24T02:21:32+00:00,2266.0,medium,pull_request_keyword
2283,2023-04-17T13:06:30+00:00,2023-04-24T14:05:16+00:00,,2023-04-24T14:05:16+00:00,,low,issue_closed_at_fallback
2071,2023-03-21T13:55:34+00:00,2023-04-24T14:21:30+00:00,,2023-04-24T14:21:30+00:00,,low,issue_closed_at_fallback
2195,2023-04-05T05:28:17+00:00,2023-04-25T12:02:06+00:00,857cd9ff55b16d25bf2ff631290ed23175e8ef96,2023-04-25T12:02:05+00:00,2349.0,medium,pull_request_keyword
2284,2023-04-17T13:10:37+00:00,2023-04-27T21:17:42+00:00,,2023-04-27T21:17:42+00:00,,low,issue_closed_at_fallback
1575,2022-12-15T14:14:17+00:00,2023-04-28T03:35:53+00:00,,2023-04-28T03:35:53+00:00,,low,issue_closed_at_fallback
2357,2023-04-26T02:31:04+00:00,2023-04-28T14:12:37+00:00,,2023-04-28T14:12:37+00:00,,low,issue_closed_at_fallback
2240,2023-04-11T09:28:05+00:00,2023-04-29T08:38:04+00:00,,2023-04-29T08:38:04+00:00,,low,issue_closed_at_fallback
2385,2023-04-28T13:06:31+00:00,2023-04-30T03:09:22+00:00,,2023-04-30T03:09:22+00:00,,low,issue_closed_at_fallback
2387,2023-04-28T13:16:08+00:00,2023-04-30T11:58:02+00:00,,2023-04-30T11:58:02+00:00,,low,issue_closed_at_fallback
2368,2023-04-27T13:46:06+00:00,2023-04-30T20:53:58+00:00,,2023-04-30T20:53:58+00:00,,low,issue_closed_at_fallback
2042,2023-03-20T16:40:35+00:00,2023-05-01T14:55:11+00:00,,2023-05-01T14:55:11+00:00,,low,issue_closed_at_fallback
2043,2023-03-20T17:21:12+00:00,2023-05-01T15:11:54+00:00,,2023-05-01T15:11:54+00:00,,low,issue_closed_at_fallback
2403,2023-05-01T04:34:06+00:00,2023-05-03T02:12:31+00:00,,2023-05-03T02:12:31+00:00,,low,issue_closed_at_fallback
2405,2023-05-01T04:48:08+00:00,2023-05-03T05:05:11+00:00,c320f6ef8a5d099002877e54958510de52d528f2,2023-05-03T05:05:10+00:00,2436.0,medium,pull_request_keyword
2066,2023-03-21T08:54:29+00:00,2023-05-03T05:05:12+00:00,c320f6ef8a5d099002877e54958510de52d528f2,2023-05-03T05:05:10+00:00,2436.0,medium,pull_request_keyword
2238,2023-04-11T09:19:00+00:00,2023-05-03T05:05:12+00:00,c320f6ef8a5d099002877e54958510de52d528f2,2023-05-03T05:05:10+00:00,2436.0,medium,pull_request_keyword
2410,2023-05-01T07:26:35+00:00,2023-05-03T06:43:51+00:00,,2023-05-03T06:43:51+00:00,,low,issue_closed_at_fallback
2058,2023-03-21T03:55:31+00:00,2023-05-03T07:43:51+00:00,,2023-05-03T07:43:51+00:00,,low,issue_closed_at_fallback
2335,2023-04-23T13:55:05+00:00,2023-05-03T20:33:55+00:00,,2023-05-03T20:33:55+00:00,,low,issue_closed_at_fallback
2440,2023-05-03T06:27:26+00:00,2023-05-04T04:41:51+00:00,,2023-05-04T04:41:51+00:00,,low,issue_closed_at_fallback
2340,2023-04-24T08:41:40+00:00,2023-05-04T07:35:11+00:00,,2023-05-04T07:35:11+00:00,,low,issue_closed_at_fallback
2354,2023-04-25T15:04:08+00:00,2023-05-04T07:36:43+00:00,,2023-05-04T07:36:43+00:00,,low,issue_closed_at_fallback
2458,2023-05-05T01:46:24+00:00,2023-05-07T06:58:36+00:00,,2023-05-07T06:58:36+00:00,,low,issue_closed_at_fallback
2466,2023-05-06T07:12:51+00:00,2023-05-08T01:51:22+00:00,6731037a8c77502172c0ad23eda2c51e47befa34,2023-05-08T01:51:20+00:00,2468.0,medium,pull_request_keyword
2473,2023-05-08T04:57:32+00:00,2023-05-08T05:39:03+00:00,,2023-05-08T05:39:03+00:00,,low,issue_closed_at_fallback
2469,2023-05-06T11:49:22+00:00,2023-05-11T11:04:40+00:00,,2023-05-11T11:04:40+00:00,,low,issue_closed_at_fallback
2497,2023-05-10T11:25:05+00:00,2023-05-12T08:04:44+00:00,,2023-05-12T08:04:44+00:00,,low,issue_closed_at_fallback
2517,2023-05-12T13:22:25+00:00,2023-05-15T02:59:36+00:00,a993a2a181b9e4013b8de23ce79231f9eb67cd4d,2023-05-15T02:59:35+00:00,2518.0,medium,pull_request_keyword
570,2022-06-20T10:59:42+00:00,2023-05-15T22:34:58+00:00,,2023-05-15T22:34:58+00:00,,low,issue_closed_at_fallback
530,2022-06-03T06:39:46+00:00,2023-05-15T22:36:05+00:00,,2023-05-15T22:36:05+00:00,,low,issue_closed_at_fallback
1029,2022-09-11T13:03:38+00:00,2023-05-16T12:19:44+00:00,,2023-05-16T12:19:44+00:00,,low,issue_closed_at_fallback
2527,2023-05-14T06:25:13+00:00,2023-05-17T08:57:19+00:00,,2023-05-17T08:57:19+00:00,,low,issue_closed_at_fallback
2041,2023-03-20T14:30:36+00:00,2023-05-19T11:42:08+00:00,,2023-05-19T11:42:08+00:00,,low,issue_closed_at_fallback
2477,2023-05-08T09:29:45+00:00,2023-05-19T12:00:27+00:00,,2023-05-19T12:00:27+00:00,,low,issue_closed_at_fallback
2597,2023-05-23T05:35:21+00:00,2023-05-29T07:23:26+00:00,,2023-05-29T07:23:26+00:00,,low,issue_closed_at_fallback
2634,2023-05-26T14:08:31+00:00,2023-05-29T23:56:49+00:00,,2023-05-29T23:56:49+00:00,,low,issue_closed_at_fallback
2586,2023-05-23T03:17:33+00:00,2023-05-29T23:57:50+00:00,,2023-05-29T23:57:50+00:00,,low,issue_closed_at_fallback
2451,2023-05-03T12:45:22+00:00,2023-05-29T23:58:28+00:00,,2023-05-29T23:58:28+00:00,,low,issue_closed_at_fallback
2588,2023-05-23T03:29:56+00:00,2023-05-29T23:58:39+00:00,,2023-05-29T23:58:39+00:00,,low,issue_closed_at_fallback
2587,2023-05-23T03:23:21+00:00,2023-05-29T23:58:47+00:00,,2023-05-29T23:58:47+00:00,,low,issue_closed_at_fallback
2534,2023-05-14T20:45:00+00:00,2023-05-30T03:11:19+00:00,eaa1dcdeb996632efea131754c69b371a5282564,2023-05-21T04:08:15+00:00,2573.0,medium,pull_request_keyword
2644,2023-05-29T06:52:57+00:00,2023-05-30T03:12:33+00:00,65a910291bfde81b806c9b9f448799539910afe8,2023-05-30T02:43:19+00:00,2657.0,medium,pull_request_keyword
2661,2023-05-30T05:02:06+00:00,2023-05-30T05:02:25+00:00,,2023-05-30T05:02:25+00:00,,low,issue_closed_at_fallback
2652,2023-05-29T13:14:57+00:00,2023-05-31T07:42:23+00:00,,2023-05-31T07:42:23+00:00,,low,issue_closed_at_fallback
2400,2023-05-01T02:45:46+00:00,2023-05-31T11:54:48+00:00,,2023-05-31T11:54:48+00:00,,low,issue_closed_at_fallback
2401,2023-05-01T02:56:52+00:00,2023-06-02T11:33:45+00:00,,2023-06-02T11:33:45+00:00,,low,issue_closed_at_fallback
2406,2023-05-01T06:31:38+00:00,2023-06-02T11:35:59+00:00,,2023-06-02T11:35:59+00:00,,low,issue_closed_at_fallback
2569,2023-05-20T07:47:55+00:00,2023-06-03T08:02:36+00:00,80f08d4bec88c27f6afe044d21321fb083521ab1,2023-05-31T08:52:38+00:00,2558.0,medium,pull_request_keyword
2539,2023-05-15T17:13:01+00:00,2023-06-03T08:08:22+00:00,,2023-06-03T08:08:22+00:00,,low,issue_closed_at_fallback
2643,2023-05-29T06:45:44+00:00,2023-06-04T02:36:22+00:00,edd58ede4539a2725b07b9b9d1c414752fa84d6a,2023-06-03T15:35:56+00:00,2692.0,medium,pull_request_keyword
1974,2023-03-12T07:04:23+00:00,2023-06-05T06:41:30+00:00,,2023-06-05T06:41:30+00:00,,low,issue_closed_at_fallback
2500,2023-05-10T14:23:48+00:00,2023-06-05T07:32:43+00:00,,2023-06-05T07:32:43+00:00,,low,issue_closed_at_fallback
2137,2023-03-29T13:15:38+00:00,2023-06-05T11:39:13+00:00,,2023-06-05T11:39:13+00:00,,low,issue_closed_at_fallback
2658,2023-05-30T04:48:49+00:00,2023-06-05T11:44:07+00:00,,2023-06-05T11:44:07+00:00,,low,issue_closed_at_fallback
2662,2023-05-30T05:04:53+00:00,2023-06-05T11:44:50+00:00,,2023-06-05T11:44:50+00:00,,low,issue_closed_at_fallback
2679,2023-06-01T12:44:22+00:00,2023-06-05T12:19:35+00:00,,2023-06-05T12:19:35+00:00,,low,issue_closed_at_fallback
2438,2023-05-03T05:27:00+00:00,2023-06-06T03:58:57+00:00,,2023-06-06T03:58:57+00:00,,low,issue_closed_at_fallback
2690,2023-06-03T05:06:41+00:00,2023-06-07T04:17:19+00:00,,2023-06-07T04:17:19+00:00,,low,issue_closed_at_fallback
2633,2023-05-26T14:02:29+00:00,2023-06-07T04:56:19+00:00,,2023-06-07T04:56:19+00:00,,low,issue_closed_at_fallback
2498,2023-05-10T11:58:57+00:00,2023-06-08T07:54:19+00:00,80f08d4bec88c27f6afe044d21321fb083521ab1,2023-05-31T08:52:38+00:00,2558.0,medium,pull_request_keyword
2531,2023-05-14T15:13:56+00:00,2023-06-08T09:07:01+00:00,,2023-06-08T09:07:01+00:00,,low,issue_closed_at_fallback
2735,2023-06-07T16:48:28+00:00,2023-06-09T09:41:45+00:00,,2023-06-09T09:41:45+00:00,,low,issue_closed_at_fallback
2739,2023-06-08T05:14:54+00:00,2023-06-09T09:58:07+00:00,,2023-06-09T09:58:07+00:00,,low,issue_closed_at_fallback
2716,2023-06-05T12:52:17+00:00,2023-06-09T10:00:03+00:00,,2023-06-09T10:00:03+00:00,,low,issue_closed_at_fallback
2660,2023-05-30T04:58:42+00:00,2023-06-09T10:00:50+00:00,,2023-06-09T10:00:50+00:00,,low,issue_closed_at_fallback
2732,2023-06-07T08:15:15+00:00,2023-06-09T10:03:26+00:00,,2023-06-09T10:03:26+00:00,,low,issue_closed_at_fallback
2746,2023-06-09T09:32:00+00:00,2023-06-10T07:00:04+00:00,,2023-06-10T07:00:04+00:00,,low,issue_closed_at_fallback
2738,2023-06-08T05:12:09+00:00,2023-06-10T08:28:02+00:00,,2023-06-10T08:28:02+00:00,,low,issue_closed_at_fallback
2465,2023-05-06T07:12:33+00:00,2023-06-12T03:22:06+00:00,,2023-06-12T03:22:06+00:00,,low,issue_closed_at_fallback
2470,2023-05-07T08:28:18+00:00,2023-06-12T08:05:06+00:00,,2023-06-12T08:05:06+00:00,,low,issue_closed_at_fallback
2467,2023-05-06T07:53:09+00:00,2023-06-12T08:15:31+00:00,,2023-06-12T08:15:31+00:00,,low,issue_closed_at_fallback
2322,2023-04-23T06:15:56+00:00,2023-06-12T08:18:13+00:00,,2023-06-12T08:18:13+00:00,,low,issue_closed_at_fallback
2684,2023-06-02T06:03:09+00:00,2023-06-12T09:11:38+00:00,,2023-06-12T09:11:38+00:00,,low,issue_closed_at_fallback
1514,2022-11-30T12:13:32+00:00,2023-06-12T10:30:00+00:00,,2023-06-12T10:30:00+00:00,,low,issue_closed_at_fallback
144,2021-12-13T22:38:35+00:00,2023-06-12T11:33:22+00:00,,2023-06-12T11:33:22+00:00,,low,issue_closed_at_fallback
1416,2022-11-05T11:38:03+00:00,2023-06-12T12:04:50+00:00,,2023-06-12T12:04:50+00:00,,low,issue_closed_at_fallback
1389,2022-10-28T13:02:05+00:00,2023-06-12T12:06:33+00:00,,2023-06-12T12:06:33+00:00,,low,issue_closed_at_fallback
1711,2023-01-15T11:08:44+00:00,2023-06-12T12:11:28+00:00,,2023-06-12T12:11:28+00:00,,low,issue_closed_at_fallback
1307,2022-10-17T09:38:15+00:00,2023-06-12T12:20:53+00:00,,2023-06-12T12:20:53+00:00,,low,issue_closed_at_fallback
2358,2023-04-26T02:46:19+00:00,2023-06-12T12:34:37+00:00,,2023-06-12T12:34:37+00:00,,low,issue_closed_at_fallback
2152,2023-03-31T00:48:35+00:00,2023-06-12T12:35:23+00:00,,2023-06-12T12:35:23+00:00,,low,issue_closed_at_fallback
2302,2023-04-20T09:40:27+00:00,2023-06-13T04:12:57+00:00,,2023-06-13T04:12:57+00:00,,low,issue_closed_at_fallback
2589,2023-05-23T03:35:06+00:00,2023-06-13T04:24:40+00:00,,2023-06-13T04:24:40+00:00,,low,issue_closed_at_fallback
2571,2023-05-20T12:49:21+00:00,2023-06-13T04:26:44+00:00,,2023-06-13T04:26:44+00:00,,low,issue_closed_at_fallback
2363,2023-04-26T21:52:35+00:00,2023-06-13T04:32:38+00:00,,2023-06-13T04:32:38+00:00,,low,issue_closed_at_fallback
2364,2023-04-27T04:18:59+00:00,2023-06-13T04:33:25+00:00,,2023-06-13T04:33:25+00:00,,low,issue_closed_at_fallback
2036,2023-03-20T11:47:54+00:00,2023-06-13T06:35:51+00:00,,2023-06-13T06:35:51+00:00,,low,issue_closed_at_fallback
1950,2023-03-09T16:54:01+00:00,2023-06-13T06:38:01+00:00,,2023-06-13T06:38:01+00:00,,low,issue_closed_at_fallback
1713,2023-01-15T19:55:09+00:00,2023-06-13T06:48:58+00:00,,2023-06-13T06:48:58+00:00,,low,issue_closed_at_fallback
1326,2022-10-21T09:19:42+00:00,2023-06-13T07:00:52+00:00,,2023-06-13T07:00:52+00:00,,low,issue_closed_at_fallback
591,2022-07-05T14:04:20+00:00,2023-06-13T07:10:11+00:00,,2023-06-13T07:10:11+00:00,,low,issue_closed_at_fallback
1148,2022-09-24T06:36:49+00:00,2023-06-13T07:22:27+00:00,,2023-06-13T07:22:27+00:00,,low,issue_closed_at_fallback
370,2022-02-22T17:23:56+00:00,2023-06-13T07:29:29+00:00,,2023-06-13T07:29:29+00:00,,low,issue_closed_at_fallback
2761,2023-06-11T06:01:57+00:00,2023-06-16T07:32:30+00:00,efc857d752acf175197a71446198fd784de7548b,2023-06-16T07:32:28+00:00,2791.0,medium,pull_request_keyword
2399,2023-05-01T02:33:31+00:00,2023-06-18T05:09:10+00:00,,2023-06-18T05:09:10+00:00,,low,issue_closed_at_fallback
2819,2023-06-15T19:01:25+00:00,2023-06-20T03:52:01+00:00,,2023-06-20T03:52:01+00:00,,low,issue_closed_at_fallback
2840,2023-06-19T07:05:28+00:00,2023-06-20T15:55:17+00:00,,2023-06-20T15:55:17+00:00,,low,issue_closed_at_fallback
2818,2023-06-15T12:56:39+00:00,2023-06-21T07:16:46+00:00,,2023-06-21T07:16:46+00:00,,low,issue_closed_at_fallback
2680,2023-06-01T13:06:07+00:00,2023-06-21T21:35:20+00:00,,2023-06-21T21:35:20+00:00,,low,issue_closed_at_fallback
2794,2023-06-13T18:35:20+00:00,2023-06-22T08:58:05+00:00,,2023-06-22T08:58:05+00:00,,low,issue_closed_at_fallback
2765,2023-06-11T08:54:23+00:00,2023-06-22T08:58:08+00:00,,2023-06-22T08:58:08+00:00,,low,issue_closed_at_fallback
2852,2023-06-20T08:59:24+00:00,2023-06-23T12:23:35+00:00,,2023-06-23T12:23:35+00:00,,low,issue_closed_at_fallback
2839,2023-06-19T07:02:32+00:00,2023-06-23T12:24:48+00:00,,2023-06-23T12:24:48+00:00,,low,issue_closed_at_fallback
2843,2023-06-19T13:51:43+00:00,2023-06-23T12:26:16+00:00,,2023-06-23T12:26:16+00:00,,low,issue_closed_at_fallback
2807,2023-06-15T09:11:38+00:00,2023-06-23T12:28:18+00:00,,2023-06-23T12:28:18+00:00,,low,issue_closed_at_fallback
2873,2023-06-21T10:06:57+00:00,2023-06-23T12:53:53+00:00,,2023-06-23T12:53:53+00:00,,low,issue_closed_at_fallback
2916,2023-06-30T08:34:54+00:00,2023-07-04T03:02:09+00:00,,2023-07-04T03:02:09+00:00,,low,issue_closed_at_fallback
2893,2023-06-24T05:53:55+00:00,2023-07-04T13:17:06+00:00,,2023-07-04T13:17:06+00:00,,low,issue_closed_at_fallback
2593,2023-05-23T05:25:06+00:00,2023-07-10T04:26:29+00:00,,2023-07-10T04:26:29+00:00,,low,issue_closed_at_fallback
2233,2023-04-11T05:45:42+00:00,2023-07-11T13:57:34+00:00,,2023-07-11T13:57:34+00:00,,low,issue_closed_at_fallback
2281,2023-04-17T13:00:02+00:00,2023-07-11T13:58:11+00:00,,2023-07-11T13:58:11+00:00,,low,issue_closed_at_fallback
335,2022-02-14T18:51:27+00:00,2023-07-11T15:06:18+00:00,,2023-07-11T15:06:18+00:00,,low,issue_closed_at_fallback
2980,2023-07-11T14:21:32+00:00,2023-07-12T02:07:27+00:00,,2023-07-12T02:07:27+00:00,,low,issue_closed_at_fallback
2637,2023-05-27T10:40:28+00:00,2023-07-12T09:30:39+00:00,d0747afbf2bcea901d1096250177e89684ce394c,2023-07-12T09:30:38+00:00,2961.0,medium,pull_request_keyword
2722,2023-06-06T12:58:12+00:00,2023-07-13T01:39:17+00:00,d4a23657d739f10ab446cae309d8d41fd63e0c74,2023-07-13T01:39:16+00:00,2926.0,medium,pull_request_keyword
2698,2023-06-04T00:05:09+00:00,2023-07-13T10:33:18+00:00,,2023-07-13T10:33:18+00:00,,low,issue_closed_at_fallback
2476,2023-05-08T06:47:37+00:00,2023-07-14T09:06:34+00:00,,2023-07-14T09:06:34+00:00,,low,issue_closed_at_fallback
2996,2023-07-13T12:59:30+00:00,2023-07-14T09:07:59+00:00,39988f678526efe0709fe99c183f4d3f75703268,2023-07-14T09:07:57+00:00,2998.0,medium,pull_request_keyword
2985,2023-07-12T11:36:50+00:00,2023-07-15T01:45:46+00:00,,2023-07-15T01:45:46+00:00,,low,issue_closed_at_fallback
2967,2023-07-10T17:59:00+00:00,2023-07-15T10:44:43+00:00,,2023-07-15T10:44:43+00:00,,low,issue_closed_at_fallback
3002,2023-07-14T08:35:18+00:00,2023-07-18T07:59:44+00:00,706a5e784f594f68e90453b5e17528628c344520,2023-07-18T07:59:41+00:00,3017.0,medium,pull_request_keyword
2965,2023-07-10T16:22:38+00:00,2023-07-18T10:04:20+00:00,f6edd4b32bddc5fa7bdd1b29eb88232b11822df8,2023-07-18T10:04:19+00:00,3021.0,medium,pull_request_keyword
2975,2023-07-11T07:32:49+00:00,2023-07-18T10:25:26+00:00,,2023-07-18T10:25:26+00:00,,low,issue_closed_at_fallback
2717,2023-06-05T13:04:41+00:00,2023-07-19T03:47:46+00:00,,2023-07-19T03:47:46+00:00,,low,issue_closed_at_fallback
3019,2023-07-17T21:54:03+00:00,2023-07-25T02:07:23+00:00,96410b2d320d4900783f1b15b716270651e9f434,2023-07-25T02:07:21+00:00,3056.0,medium,pull_request_keyword
2659,2023-05-30T04:53:21+00:00,2023-07-25T03:44:41+00:00,,2023-07-25T03:44:41+00:00,,low,issue_closed_at_fallback
2891,2023-06-23T08:03:18+00:00,2023-07-31T02:12:28+00:00,ea37f46f8801975cfae3b531088685b8c04b32b3,2023-07-31T02:12:26+00:00,2910.0,medium,pull_request_keyword
3047,2023-07-24T02:48:13+00:00,2023-07-31T12:22:58+00:00,338e3424100c4adbb6d1598d9e6895503332f542,2023-07-31T12:22:57+00:00,3065.0,medium,pull_request_keyword
3048,2023-07-24T03:30:10+00:00,2023-08-01T09:40:07+00:00,,2023-08-01T09:40:07+00:00,,low,issue_closed_at_fallback
3077,2023-07-28T09:52:01+00:00,2023-08-02T02:00:03+00:00,,2023-08-02T02:00:03+00:00,,low,issue_closed_at_fallback
2977,2023-07-11T09:15:14+00:00,2023-08-02T14:07:31+00:00,,2023-08-02T14:07:31+00:00,,low,issue_closed_at_fallback
3113,2023-08-04T03:11:07+00:00,2023-08-06T04:31:49+00:00,890f7573f3b38ffaad4ec5e2add1c310cdd1af99,2023-08-06T04:31:48+00:00,3114.0,medium,pull_request_keyword
2937,2023-07-04T20:36:21+00:00,2023-08-07T18:55:46+00:00,,2023-08-07T18:55:46+00:00,,low,issue_closed_at_fallback
3108,2023-08-03T09:47:09+00:00,2023-08-09T04:43:05+00:00,,2023-08-09T04:43:05+00:00,,low,issue_closed_at_fallback
2952,2023-07-07T10:58:27+00:00,2023-08-10T10:36:55+00:00,,2023-08-10T10:36:55+00:00,,low,issue_closed_at_fallback
3066,2023-07-26T22:17:11+00:00,2023-08-10T12:59:26+00:00,1fad5aa8044e2aa903a56e014556dae8841e4f05,2023-08-10T12:59:25+00:00,3090.0,medium,pull_request_keyword
2845,2023-06-19T14:06:42+00:00,2023-08-10T12:59:27+00:00,1fad5aa8044e2aa903a56e014556dae8841e4f05,2023-08-10T12:59:25+00:00,3090.0,medium,pull_request_keyword
2844,2023-06-19T13:57:55+00:00,2023-08-11T05:27:39+00:00,,2023-08-11T05:27:39+00:00,,low,issue_closed_at_fallback
1301,2022-10-17T07:51:21+00:00,2023-08-12T04:50:52+00:00,,2023-08-12T04:50:52+00:00,,low,issue_closed_at_fallback
3175,2023-08-13T04:22:08+00:00,2023-08-13T11:22:37+00:00,,2023-08-13T11:22:37+00:00,,low,issue_closed_at_fallback
3196,2023-08-14T12:53:46+00:00,2023-08-15T14:28:56+00:00,,2023-08-15T14:28:56+00:00,,low,issue_closed_at_fallback
3197,2023-08-14T13:03:23+00:00,2023-08-15T14:29:04+00:00,,2023-08-15T14:29:04+00:00,,low,issue_closed_at_fallback
3202,2023-08-14T14:15:14+00:00,2023-08-16T03:49:05+00:00,,2023-08-16T03:49:05+00:00,,low,issue_closed_at_fallback
3011,2023-07-15T20:51:08+00:00,2023-08-16T10:43:43+00:00,,2023-08-16T10:43:43+00:00,,low,issue_closed_at_fallback
2790,2023-06-13T04:19:44+00:00,2023-08-17T13:02:25+00:00,07cf7287d6455c01b9036b87ddcad45b6c503c1a,2023-08-17T13:02:24+00:00,3206.0,medium,pull_request_keyword
3172,2023-08-12T07:08:23+00:00,2023-08-17T13:02:25+00:00,07cf7287d6455c01b9036b87ddcad45b6c503c1a,2023-08-17T13:02:24+00:00,3206.0,medium,pull_request_keyword
3189,2023-08-14T04:15:50+00:00,2023-08-18T08:23:03+00:00,,2023-08-18T08:23:03+00:00,,low,issue_closed_at_fallback
3225,2023-08-17T05:37:53+00:00,2023-08-21T07:47:10+00:00,,2023-08-21T07:47:10+00:00,,low,issue_closed_at_fallback
3158,2023-08-10T13:19:39+00:00,2023-08-22T14:38:09+00:00,e9f31ea0f87f00e35d6c0b9d4351336a736b20fd,2023-08-22T14:38:07+00:00,3162.0,medium,pull_request_keyword
3229,2023-08-17T14:54:02+00:00,2023-08-22T14:43:41+00:00,,2023-08-22T14:43:41+00:00,,low,issue_closed_at_fallback
3195,2023-08-14T11:22:31+00:00,2023-08-23T06:55:38+00:00,,2023-08-23T06:55:38+00:00,,low,issue_closed_at_fallback
3192,2023-08-14T08:11:51+00:00,2023-08-23T13:46:20+00:00,,2023-08-23T13:46:20+00:00,,low,issue_closed_at_fallback
3194,2023-08-14T10:18:26+00:00,2023-08-23T13:50:33+00:00,,2023-08-23T13:50:33+00:00,,low,issue_closed_at_fallback
2288,2023-04-18T17:25:08+00:00,2023-08-23T13:56:16+00:00,,2023-08-23T13:56:16+00:00,,low,issue_closed_at_fallback
1027,2022-09-11T12:41:18+00:00,2023-08-24T08:22:31+00:00,,2023-08-24T08:22:31+00:00,,low,issue_closed_at_fallback
3171,2023-08-12T06:11:23+00:00,2023-08-24T08:30:11+00:00,,2023-08-24T08:30:11+00:00,,low,issue_closed_at_fallback
3227,2023-08-17T07:07:26+00:00,2023-08-28T02:58:27+00:00,41ec2d992e17f2ffec9176794e2964884a07f0e7,2023-08-28T02:58:26+00:00,3278.0,medium,pull_request_keyword
3155,2023-08-10T08:40:59+00:00,2023-08-28T02:58:28+00:00,41ec2d992e17f2ffec9176794e2964884a07f0e7,2023-08-28T02:58:26+00:00,3278.0,medium,pull_request_keyword
3193,2023-08-14T08:53:08+00:00,2023-08-28T02:58:28+00:00,41ec2d992e17f2ffec9176794e2964884a07f0e7,2023-08-28T02:58:26+00:00,3278.0,medium,pull_request_keyword
3132,2023-08-07T07:04:23+00:00,2023-08-28T02:58:29+00:00,41ec2d992e17f2ffec9176794e2964884a07f0e7,2023-08-28T02:58:26+00:00,3278.0,medium,pull_request_keyword
2768,2023-06-11T13:35:08+00:00,2023-08-28T02:58:30+00:00,41ec2d992e17f2ffec9176794e2964884a07f0e7,2023-08-28T02:58:26+00:00,3278.0,medium,pull_request_keyword
2222,2023-04-09T06:17:28+00:00,2023-08-28T02:58:31+00:00,41ec2d992e17f2ffec9176794e2964884a07f0e7,2023-08-28T02:58:26+00:00,3278.0,medium,pull_request_keyword
2992,2023-07-13T07:58:32+00:00,2023-08-30T04:22:11+00:00,,2023-08-30T04:22:11+00:00,,low,issue_closed_at_fallback
2832,2023-06-18T11:53:19+00:00,2023-09-01T14:58:23+00:00,9b7ff375b2e0ee7b37bcc7a6706987c8495ceaf0,2023-09-01T14:58:22+00:00,2915.0,medium,pull_request_keyword
1994,2023-03-15T01:10:40+00:00,2023-09-04T12:01:34+00:00,,2023-09-04T12:01:34+00:00,,low,issue_closed_at_fallback
2459,2023-05-05T03:09:52+00:00,2023-09-04T13:55:49+00:00,,2023-09-04T13:55:49+00:00,,low,issue_closed_at_fallback
1352,2022-10-24T21:09:16+00:00,2023-09-04T13:59:16+00:00,,2023-09-04T13:59:16+00:00,,low,issue_closed_at_fallback
1404,2022-10-31T06:40:10+00:00,2023-09-04T14:00:17+00:00,,2023-09-04T14:00:17+00:00,,low,issue_closed_at_fallback
1444,2022-11-12T08:36:24+00:00,2023-09-04T14:01:39+00:00,,2023-09-04T14:01:39+00:00,,low,issue_closed_at_fallback
1517,2022-12-01T06:15:03+00:00,2023-09-04T14:04:31+00:00,,2023-09-04T14:04:31+00:00,,low,issue_closed_at_fallback
3341,2023-09-05T07:47:06+00:00,2023-09-05T11:46:30+00:00,,2023-09-05T11:46:30+00:00,,low,issue_closed_at_fallback
342,2022-02-17T09:54:41+00:00,2023-09-10T14:26:59+00:00,,2023-09-10T14:26:59+00:00,,low,issue_closed_at_fallback
3188,2023-08-14T04:14:16+00:00,2023-09-13T03:18:09+00:00,aa25aa44740e4d791d5511fc4c5f07bba40c7a18,2023-09-13T03:18:08+00:00,3387.0,medium,pull_request_keyword
3208,2023-08-15T13:48:58+00:00,2023-09-13T03:36:24+00:00,,2023-09-13T03:36:24+00:00,,low,issue_closed_at_fallback
3316,2023-09-01T12:37:12+00:00,2023-09-14T10:08:46+00:00,d86531ac920525e91453e02daf2a008a0af7e6f9,2023-09-14T10:08:45+00:00,3396.0,medium,pull_request_keyword
3320,2023-09-02T08:39:35+00:00,2023-09-15T08:07:48+00:00,,2023-09-15T08:07:48+00:00,,low,issue_closed_at_fallback
3422,2023-09-16T21:03:31+00:00,2023-09-18T08:39:31+00:00,,2023-09-18T08:39:31+00:00,,low,issue_closed_at_fallback
3451,2023-09-19T20:24:48+00:00,2023-09-19T22:00:05+00:00,,2023-09-19T22:00:05+00:00,,low,issue_closed_at_fallback
3470,2023-09-20T11:58:44+00:00,2023-09-20T15:19:13+00:00,,2023-09-20T15:19:13+00:00,,low,issue_closed_at_fallback
3463,2023-09-20T04:34:43+00:00,2023-09-20T15:31:31+00:00,,2023-09-20T15:31:31+00:00,,low,issue_closed_at_fallback
3449,2023-09-19T20:17:15+00:00,2023-09-21T01:10:42+00:00,,2023-09-21T01:10:42+00:00,,low,issue_closed_at_fallback
3388,2023-09-12T13:23:57+00:00,2023-09-21T01:39:15+00:00,,2023-09-21T01:39:15+00:00,,low,issue_closed_at_fallback
3318,2023-09-01T12:54:31+00:00,2023-09-21T03:23:30+00:00,37a5054ebd341b30b9b289d99352060561489924,2023-09-21T03:23:29+00:00,3362.0,medium,pull_request_keyword
2851,2023-06-20T08:47:39+00:00,2023-09-21T05:09:59+00:00,,2023-09-21T05:09:59+00:00,,low,issue_closed_at_fallback
3426,2023-09-17T12:06:56+00:00,2023-09-22T03:15:19+00:00,d5f8ce54356ea19554a7246adab5a684b0588020,2023-09-22T03:15:18+00:00,3440.0,medium,pull_request_keyword
3457,2023-09-19T21:12:33+00:00,2023-09-22T10:25:29+00:00,,2023-09-22T10:25:29+00:00,,low,issue_closed_at_fallback
3046,2023-07-23T12:18:00+00:00,2023-09-23T01:47:50+00:00,,2023-09-23T01:47:50+00:00,,low,issue_closed_at_fallback
3447,2023-09-19T20:04:06+00:00,2023-09-24T12:25:48+00:00,,2023-09-24T12:25:48+00:00,,low,issue_closed_at_fallback
3200,2023-08-14T13:46:09+00:00,2023-09-24T15:25:53+00:00,,2023-09-24T15:25:53+00:00,,low,issue_closed_at_fallback
3527,2023-09-25T08:51:36+00:00,2023-09-25T10:12:45+00:00,,2023-09-25T10:12:45+00:00,,low,issue_closed_at_fallback
3530,2023-09-25T12:12:34+00:00,2023-09-26T06:40:58+00:00,,2023-09-26T06:40:58+00:00,,low,issue_closed_at_fallback
3428,2023-09-17T15:18:33+00:00,2023-09-26T19:28:28+00:00,,2023-09-26T19:28:28+00:00,,low,issue_closed_at_fallback
3543,2023-09-26T18:13:40+00:00,2023-09-27T14:59:35+00:00,,2023-09-27T14:59:35+00:00,,low,issue_closed_at_fallback
2897,2023-06-24T14:45:30+00:00,2023-09-28T06:18:03+00:00,d007f98af621d0460aea1a7bb0e8c084d0feb2d4,2023-09-28T06:18:01+00:00,3551.0,medium,pull_request_keyword
3268,2023-08-24T06:13:40+00:00,2023-09-28T06:18:42+00:00,890f52a00a09497f40e2b02199f3cd12986651e7,2023-09-28T06:18:41+00:00,3550.0,medium,pull_request_keyword
3425,2023-09-17T12:00:17+00:00,2023-09-30T01:42:36+00:00,,2023-09-30T01:42:36+00:00,,low,issue_closed_at_fallback
3458,2023-09-19T21:18:25+00:00,2023-10-01T18:44:33+00:00,,2023-10-01T18:44:33+00:00,,low,issue_closed_at_fallback
3446,2023-09-19T19:55:45+00:00,2023-10-01T21:22:32+00:00,,2023-10-01T21:22:32+00:00,,low,issue_closed_at_fallback
3568,2023-10-01T20:46:34+00:00,2023-10-02T07:13:40+00:00,,2023-10-02T07:13:40+00:00,,low,issue_closed_at_fallback
3584,2023-10-02T14:08:31+00:00,2023-10-02T14:15:52+00:00,,2023-10-02T14:15:52+00:00,,low,issue_closed_at_fallback
3411,2023-09-15T07:46:03+00:00,2023-10-04T09:40:14+00:00,,2023-10-04T09:40:14+00:00,,low,issue_closed_at_fallback
3526,2023-09-25T08:30:00+00:00,2023-10-04T21:48:33+00:00,,2023-10-04T21:48:33+00:00,,low,issue_closed_at_fallback
3462,2023-09-20T04:09:10+00:00,2023-10-05T01:34:37+00:00,e9852a3934b0176f264a64ec5f64ddf685e4926f,2023-10-05T01:34:36+00:00,3604.0,medium,pull_request_keyword
3452,2023-09-19T20:28:34+00:00,2023-10-10T07:51:49+00:00,,2023-10-10T07:51:49+00:00,,low,issue_closed_at_fallback
3450,2023-09-19T20:20:40+00:00,2023-10-10T09:30:46+00:00,,2023-10-10T09:30:46+00:00,,low,issue_closed_at_fallback
3652,2023-10-09T13:18:13+00:00,2023-10-11T15:26:00+00:00,,2023-10-11T15:26:00+00:00,,low,issue_closed_at_fallback
3651,2023-10-09T12:27:07+00:00,2023-10-11T15:26:14+00:00,,2023-10-11T15:26:14+00:00,,low,issue_closed_at_fallback
3620,2023-10-05T09:02:38+00:00,2023-10-13T13:06:15+00:00,,2023-10-13T13:06:15+00:00,,low,issue_closed_at_fallback
3692,2023-10-13T13:05:27+00:00,2023-10-15T05:04:25+00:00,11daa15b8956aafd7aa01f1db5a11b1c12c98391,2023-10-15T05:04:24+00:00,3698.0,medium,pull_request_keyword
3270,2023-08-24T06:20:04+00:00,2023-10-16T06:11:07+00:00,,2023-10-16T06:11:07+00:00,,low,issue_closed_at_fallback
3710,2023-10-16T06:59:25+00:00,2023-10-17T03:47:28+00:00,,2023-10-17T03:47:28+00:00,,low,issue_closed_at_fallback
3617,2023-10-05T06:38:18+00:00,2023-10-20T11:49:01+00:00,,2023-10-20T11:49:01+00:00,,low,issue_closed_at_fallback
3456,2023-09-19T21:05:08+00:00,2023-10-23T11:23:29+00:00,,2023-10-23T11:23:29+00:00,,low,issue_closed_at_fallback
3759,2023-10-23T09:13:42+00:00,2023-10-23T12:52:01+00:00,,2023-10-23T12:52:01+00:00,,low,issue_closed_at_fallback
2218,2023-04-07T21:01:50+00:00,2023-10-24T02:15:30+00:00,,2023-10-24T02:15:30+00:00,,low,issue_closed_at_fallback
3743,2023-10-21T12:35:51+00:00,2023-10-24T06:01:36+00:00,,2023-10-24T06:01:36+00:00,,low,issue_closed_at_fallback
3749,2023-10-22T07:03:35+00:00,2023-10-24T06:04:14+00:00,,2023-10-24T06:04:14+00:00,,low,issue_closed_at_fallback
3630,2023-10-05T19:18:30+00:00,2023-10-24T09:43:27+00:00,,2023-10-24T09:43:27+00:00,,low,issue_closed_at_fallback
3634,2023-10-06T05:25:05+00:00,2023-10-25T15:06:11+00:00,,2023-10-25T15:06:11+00:00,,low,issue_closed_at_fallback
3782,2023-10-25T14:41:54+00:00,2023-10-25T19:05:29+00:00,,2023-10-25T19:05:29+00:00,,low,issue_closed_at_fallback
3784,2023-10-25T17:07:53+00:00,2023-10-26T14:03:45+00:00,03598d3f22a8dff9b2b6d2bf216838d68e1b41e5,2023-10-26T14:03:43+00:00,3789.0,medium,pull_request_keyword
3802,2023-10-26T14:49:10+00:00,2023-10-27T16:36:06+00:00,,2023-10-27T16:36:06+00:00,,low,issue_closed_at_fallback
3803,2023-10-26T14:55:49+00:00,2023-10-28T04:26:00+00:00,,2023-10-28T04:26:00+00:00,,low,issue_closed_at_fallback
3010,2023-07-15T20:46:41+00:00,2023-10-30T07:50:50+00:00,,2023-10-30T07:50:50+00:00,,low,issue_closed_at_fallback
3839,2023-10-31T10:35:57+00:00,2023-10-31T19:11:34+00:00,,2023-10-31T19:11:34+00:00,,low,issue_closed_at_fallback
3861,2023-11-01T21:38:41+00:00,2023-11-02T16:17:32+00:00,,2023-11-02T16:17:32+00:00,,low,issue_closed_at_fallback
3794,2023-10-26T09:43:34+00:00,2023-11-03T20:30:26+00:00,,2023-11-03T20:30:26+00:00,,low,issue_closed_at_fallback
2010,2023-03-17T08:09:15+00:00,2023-11-06T03:14:45+00:00,,2023-11-06T03:14:45+00:00,,low,issue_closed_at_fallback
3871,2023-11-04T02:07:20+00:00,2023-11-06T08:44:23+00:00,,2023-11-06T08:44:23+00:00,,low,issue_closed_at_fallback
3582,2023-10-02T13:52:31+00:00,2023-11-07T14:58:24+00:00,4d9ae55e76a52d78224fa93df8a95d5dca70c94a,2023-11-01T22:41:11+00:00,3755.0,medium,pull_request_keyword
3846,2023-10-31T13:08:33+00:00,2023-11-08T23:32:12+00:00,,2023-11-08T23:32:12+00:00,,low,issue_closed_at_fallback
3690,2023-10-13T08:09:27+00:00,2023-11-10T07:42:42+00:00,3c7e636b651afea5f023c413283cee56f6abbe06,2023-11-10T07:42:41+00:00,3786.0,medium,pull_request_keyword
3421,2023-09-16T20:11:57+00:00,2023-11-21T14:54:11+00:00,,2023-11-21T14:54:11+00:00,,low,issue_closed_at_fallback
4002,2023-11-24T13:25:34+00:00,2023-11-24T15:13:54+00:00,29a6eab1ce5df193508d577594538c301175a460,2023-11-24T15:13:53+00:00,4003.0,medium,pull_request_keyword
4018,2023-11-27T03:04:48+00:00,2023-11-28T01:41:31+00:00,,2023-11-28T01:41:31+00:00,,low,issue_closed_at_fallback
4009,2023-11-26T08:16:46+00:00,2023-11-28T03:46:12+00:00,,2023-11-28T03:46:12+00:00,,low,issue_closed_at_fallback
3820,2023-10-28T15:23:19+00:00,2023-12-01T05:33:38+00:00,,2023-12-01T05:33:38+00:00,,low,issue_closed_at_fallback
3950,2023-11-16T15:42:32+00:00,2023-12-02T23:58:19+00:00,,2023-12-02T23:58:19+00:00,,low,issue_closed_at_fallback
3966,2023-11-19T13:23:05+00:00,2023-12-07T14:05:16+00:00,,2023-12-07T14:05:16+00:00,,low,issue_closed_at_fallback
4013,2023-11-26T15:49:11+00:00,2023-12-08T17:48:40+00:00,,2023-12-08T17:48:40+00:00,,low,issue_closed_at_fallback
4008,2023-11-26T00:03:28+00:00,2023-12-10T11:44:38+00:00,,2023-12-10T11:44:38+00:00,,low,issue_closed_at_fallback
4017,2023-11-27T03:00:32+00:00,2023-12-19T22:53:59+00:00,,2023-12-19T22:53:59+00:00,,low,issue_closed_at_fallback
3319,2023-09-01T15:57:26+00:00,2023-12-21T01:31:39+00:00,366e28752cbd66742ac35bea546afc83c52dc918,2023-12-21T01:31:38+00:00,3348.0,medium,pull_request_keyword
4085,2023-12-04T15:07:24+00:00,2023-12-21T01:32:02+00:00,890285bb7befd30faefbb72f8a998386bd3fc5d9,2023-12-21T01:32:01+00:00,4183.0,medium,pull_request_keyword
3764,2023-10-23T11:49:12+00:00,2023-12-21T18:21:44+00:00,,2023-12-21T18:21:44+00:00,,low,issue_closed_at_fallback
3761,2023-10-23T09:20:55+00:00,2023-12-21T18:22:49+00:00,,2023-12-21T18:22:49+00:00,,low,issue_closed_at_fallback
3757,2023-10-23T08:46:04+00:00,2023-12-21T18:23:45+00:00,,2023-12-21T18:23:45+00:00,,low,issue_closed_at_fallback
3638,2023-10-06T17:53:40+00:00,2023-12-21T19:51:12+00:00,,2023-12-21T19:51:12+00:00,,low,issue_closed_at_fallback
3597,2023-10-03T13:07:42+00:00,2023-12-21T19:58:16+00:00,,2023-12-21T19:58:16+00:00,,low,issue_closed_at_fallback
3438,2023-09-19T02:28:21+00:00,2023-12-22T00:46:33+00:00,,2023-12-22T00:46:33+00:00,,low,issue_closed_at_fallback
3375,2023-09-11T08:07:08+00:00,2023-12-22T03:33:16+00:00,,2023-12-22T03:33:16+00:00,,low,issue_closed_at_fallback
3314,2023-09-01T12:28:11+00:00,2023-12-22T04:11:26+00:00,368f0e3f249b89c506ecb987ec99773cced3ae85,2024-05-15T20:44:42+00:00,3909.0,medium,pull_request_keyword
3313,2023-09-01T12:18:33+00:00,2023-12-22T04:15:33+00:00,,2023-12-22T04:15:33+00:00,,low,issue_closed_at_fallback
3747,2023-10-21T15:05:54+00:00,2023-12-22T08:28:29+00:00,acc93a603d827a21656bfdf087c823fa8cc59345,2023-12-22T08:28:28+00:00,4192.0,medium,pull_request_keyword
3224,2023-08-17T04:18:06+00:00,2023-12-22T19:07:37+00:00,,2023-12-22T19:07:37+00:00,,low,issue_closed_at_fallback
3210,2023-08-15T14:55:54+00:00,2023-12-22T19:09:35+00:00,,2023-12-22T19:09:35+00:00,,low,issue_closed_at_fallback
3187,2023-08-14T04:05:15+00:00,2023-12-22T19:14:18+00:00,,2023-12-22T19:14:18+00:00,,low,issue_closed_at_fallback
2855,2023-06-20T11:09:07+00:00,2023-12-23T17:36:08+00:00,,2023-12-23T17:36:08+00:00,,low,issue_closed_at_fallback
2781,2023-06-12T06:41:38+00:00,2023-12-23T17:47:42+00:00,,2023-12-23T17:47:42+00:00,,low,issue_closed_at_fallback
2683,2023-06-02T05:22:56+00:00,2023-12-23T18:04:23+00:00,,2023-12-23T18:04:23+00:00,,low,issue_closed_at_fallback
2545,2023-05-16T13:15:41+00:00,2023-12-23T18:51:58+00:00,,2023-12-23T18:51:58+00:00,,low,issue_closed_at_fallback
2515,2023-05-12T11:48:15+00:00,2023-12-23T18:52:40+00:00,,2023-12-23T18:52:40+00:00,,low,issue_closed_at_fallback
2402,2023-05-01T04:30:35+00:00,2023-12-24T00:09:21+00:00,,2023-12-24T00:09:21+00:00,,low,issue_closed_at_fallback
2174,2023-04-03T19:44:20+00:00,2023-12-24T00:38:14+00:00,,2023-12-24T00:38:14+00:00,,low,issue_closed_at_fallback
4193,2023-12-22T02:13:50+00:00,2023-12-24T14:12:17+00:00,9b55f5bc7f148beeb8abeb6b58ff711280fd6d03,2023-12-24T14:12:16+00:00,4196.0,medium,pull_request_keyword
2582,2023-05-22T11:57:43+00:00,2023-12-24T16:44:30+00:00,,2023-12-24T16:44:30+00:00,,low,issue_closed_at_fallback
1443,2022-11-12T08:27:15+00:00,2023-12-24T16:59:49+00:00,,2023-12-24T16:59:49+00:00,,low,issue_closed_at_fallback
1329,2022-10-21T09:32:37+00:00,2023-12-24T17:30:08+00:00,,2023-12-24T17:30:08+00:00,,low,issue_closed_at_fallback
1311,2022-10-18T00:57:08+00:00,2023-12-24T17:33:06+00:00,,2023-12-24T17:33:06+00:00,,low,issue_closed_at_fallback
704,2022-07-25T00:21:23+00:00,2023-12-24T18:28:44+00:00,,2023-12-24T18:28:44+00:00,,low,issue_closed_at_fallback
544,2022-06-08T13:34:57+00:00,2023-12-24T18:31:07+00:00,,2023-12-24T18:31:07+00:00,,low,issue_closed_at_fallback
418,2022-03-16T16:36:10+00:00,2023-12-24T18:46:53+00:00,,2023-12-24T18:46:53+00:00,,low,issue_closed_at_fallback
100,2021-11-27T05:58:00+00:00,2023-12-24T19:15:34+00:00,,2023-12-24T19:15:34+00:00,,low,issue_closed_at_fallback
4177,2023-12-20T10:23:00+00:00,2023-12-31T10:24:25+00:00,,2023-12-31T10:24:25+00:00,,low,issue_closed_at_fallback
4223,2023-12-27T17:51:57+00:00,2024-01-07T13:16:49+00:00,c4ebccafd4ee340d299c1c6d696aed92b32933b6,2024-01-07T13:16:48+00:00,4323.0,medium,pull_request_keyword
4333,2024-01-08T14:17:51+00:00,2024-01-11T07:12:34+00:00,,2024-01-11T07:12:34+00:00,,low,issue_closed_at_fallback
3841,2023-10-31T10:47:09+00:00,2024-01-11T23:52:32+00:00,,2024-01-11T23:52:32+00:00,,low,issue_closed_at_fallback
4179,2023-12-20T12:49:46+00:00,2024-01-11T23:53:12+00:00,,2024-01-11T23:53:12+00:00,,low,issue_closed_at_fallback
4300,2024-01-04T09:25:49+00:00,2024-01-11T23:53:44+00:00,,2024-01-11T23:53:44+00:00,,low,issue_closed_at_fallback
4304,2024-01-04T19:21:45+00:00,2024-01-12T05:27:20+00:00,,2024-01-12T05:27:20+00:00,,low,issue_closed_at_fallback
4388,2024-01-14T18:33:30+00:00,2024-01-15T09:13:00+00:00,,2024-01-15T09:13:00+00:00,,low,issue_closed_at_fallback
3791,2023-10-26T07:43:53+00:00,2024-01-17T00:42:11+00:00,,2024-01-17T00:42:11+00:00,,low,issue_closed_at_fallback
4344,2024-01-09T10:25:43+00:00,2024-01-23T00:24:33+00:00,,2024-01-23T00:24:33+00:00,,low,issue_closed_at_fallback
4347,2024-01-09T19:03:15+00:00,2024-01-24T11:07:04+00:00,,2024-01-24T11:07:04+00:00,,low,issue_closed_at_fallback
4433,2024-01-21T03:50:35+00:00,2024-01-24T11:07:04+00:00,,2024-01-24T11:07:04+00:00,,low,issue_closed_at_fallback
4477,2024-01-24T04:14:14+00:00,2024-01-24T14:45:15+00:00,,2024-01-24T14:45:15+00:00,,low,issue_closed_at_fallback
4326,2024-01-07T17:02:01+00:00,2024-01-25T05:17:14+00:00,,2024-01-25T05:17:14+00:00,,low,issue_closed_at_fallback
4421,2024-01-19T05:56:59+00:00,2024-01-26T02:45:43+00:00,,2024-01-26T02:45:43+00:00,,low,issue_closed_at_fallback
4504,2024-01-26T06:52:23+00:00,2024-01-26T14:24:00+00:00,d2cc79986196ccc9c8e2072056157133450256e2,2024-01-26T14:23:59+00:00,4507.0,medium,pull_request_keyword
4127,2023-12-11T02:23:23+00:00,2024-02-07T17:43:30+00:00,,2024-02-07T17:43:30+00:00,,low,issue_closed_at_fallback
3444,2023-09-19T19:06:13+00:00,2024-02-16T05:39:50+00:00,3e0a003872b07621cb731a47205e837c9764fcba,2024-02-16T05:39:49+00:00,4660.0,medium,pull_request_keyword
4600,2024-02-04T13:54:21+00:00,2024-02-20T05:17:47+00:00,a6c6aa819c332b185bbd07cfd674d595bc786773,2024-02-20T05:17:46+00:00,4661.0,medium,pull_request_keyword
4520,2024-01-27T14:40:45+00:00,2024-02-21T23:24:07+00:00,,2024-02-21T23:24:07+00:00,,low,issue_closed_at_fallback
4495,2024-01-25T13:24:10+00:00,2024-02-23T03:13:08+00:00,,2024-02-23T03:13:08+00:00,,low,issue_closed_at_fallback
4729,2024-02-24T15:56:27+00:00,2024-02-25T20:32:45+00:00,,2024-02-25T20:32:45+00:00,,low,issue_closed_at_fallback
4730,2024-02-24T15:59:09+00:00,2024-02-25T20:32:45+00:00,,2024-02-25T20:32:45+00:00,,low,issue_closed_at_fallback
4479,2024-01-24T09:56:44+00:00,2024-02-28T09:51:55+00:00,,2024-02-28T09:51:55+00:00,,low,issue_closed_at_fallback
4772,2024-02-28T10:34:24+00:00,2024-02-28T12:21:24+00:00,,2024-02-28T12:21:24+00:00,,low,issue_closed_at_fallback
4776,2024-02-28T11:20:17+00:00,2024-02-28T12:23:08+00:00,,2024-02-28T12:23:08+00:00,,low,issue_closed_at_fallback
4770,2024-02-28T09:53:29+00:00,2024-02-28T14:04:17+00:00,,2024-02-28T14:04:17+00:00,,low,issue_closed_at_fallback
3926,2023-11-13T02:58:17+00:00,2024-03-02T14:34:01+00:00,,2024-03-02T14:34:01+00:00,,low,issue_closed_at_fallback
4287,2024-01-02T22:41:01+00:00,2024-03-02T20:07:17+00:00,,2024-03-02T20:07:17+00:00,,low,issue_closed_at_fallback
3060,2023-07-25T07:54:50+00:00,2024-03-03T21:05:00+00:00,41ec2d992e17f2ffec9176794e2964884a07f0e7,2023-08-28T02:58:26+00:00,3278.0,medium,pull_request_keyword
4790,2024-03-01T12:10:51+00:00,2024-03-04T04:24:26+00:00,,2024-03-04T04:24:26+00:00,,low,issue_closed_at_fallback
4457,2024-01-22T19:26:12+00:00,2024-03-05T08:41:04+00:00,,2024-03-05T08:41:04+00:00,,low,issue_closed_at_fallback
4446,2024-01-22T18:46:30+00:00,2024-03-05T08:41:38+00:00,,2024-03-05T08:41:38+00:00,,low,issue_closed_at_fallback
4447,2024-01-22T18:50:35+00:00,2024-03-05T08:41:39+00:00,,2024-03-05T08:41:39+00:00,,low,issue_closed_at_fallback
4448,2024-01-22T18:56:19+00:00,2024-03-05T08:41:39+00:00,,2024-03-05T08:41:39+00:00,,low,issue_closed_at_fallback
4449,2024-01-22T18:59:54+00:00,2024-03-05T08:41:39+00:00,,2024-03-05T08:41:39+00:00,,low,issue_closed_at_fallback
4450,2024-01-22T19:02:32+00:00,2024-03-05T08:41:40+00:00,,2024-03-05T08:41:40+00:00,,low,issue_closed_at_fallback
4451,2024-01-22T19:05:17+00:00,2024-03-05T08:41:40+00:00,,2024-03-05T08:41:40+00:00,,low,issue_closed_at_fallback
4452,2024-01-22T19:09:29+00:00,2024-03-05T08:41:40+00:00,,2024-03-05T08:41:40+00:00,,low,issue_closed_at_fallback
4454,2024-01-22T19:16:29+00:00,2024-03-05T08:41:41+00:00,,2024-03-05T08:41:41+00:00,,low,issue_closed_at_fallback
4453,2024-01-22T19:12:48+00:00,2024-03-05T08:41:41+00:00,,2024-03-05T08:41:41+00:00,,low,issue_closed_at_fallback
4455,2024-01-22T19:20:44+00:00,2024-03-05T08:41:42+00:00,,2024-03-05T08:41:42+00:00,,low,issue_closed_at_fallback
4456,2024-01-22T19:24:07+00:00,2024-03-05T08:41:42+00:00,,2024-03-05T08:41:42+00:00,,low,issue_closed_at_fallback
2801,2023-06-15T06:45:11+00:00,2024-03-11T03:55:53+00:00,,2024-03-11T03:55:53+00:00,,low,issue_closed_at_fallback
4894,2024-03-13T10:15:17+00:00,2024-03-13T10:36:51+00:00,,2024-03-13T10:36:51+00:00,,low,issue_closed_at_fallback
3346,2023-09-05T13:13:41+00:00,2024-03-14T06:27:59+00:00,,2024-03-14T06:27:59+00:00,,low,issue_closed_at_fallback
4864,2024-03-10T22:07:57+00:00,2024-03-14T07:07:17+00:00,,2024-03-14T07:07:17+00:00,,low,issue_closed_at_fallback
4904,2024-03-15T01:06:12+00:00,2024-03-22T03:44:02+00:00,,2024-03-22T03:44:02+00:00,,low,issue_closed_at_fallback
4174,2023-12-20T00:57:40+00:00,2024-03-25T09:51:46+00:00,,2024-03-25T09:51:46+00:00,,low,issue_closed_at_fallback
3232,2023-08-18T07:32:51+00:00,2024-03-31T02:54:19+00:00,419464c1756d6d2a00c23826e1a637d4c5c420fd,2024-03-31T02:54:17+00:00,5011.0,medium,pull_request_keyword
3801,2023-10-26T14:40:01+00:00,2024-03-31T02:54:20+00:00,419464c1756d6d2a00c23826e1a637d4c5c420fd,2024-03-31T02:54:17+00:00,5011.0,medium,pull_request_keyword
4386,2024-01-14T18:06:30+00:00,2024-04-01T03:38:25+00:00,,2024-04-01T03:38:25+00:00,,low,issue_closed_at_fallback
3943,2023-11-15T11:08:59+00:00,2024-04-01T03:46:18+00:00,,2024-04-01T03:46:18+00:00,,low,issue_closed_at_fallback
3443,2023-09-19T19:00:32+00:00,2024-04-01T03:54:28+00:00,,2024-04-01T03:54:28+00:00,,low,issue_closed_at_fallback
3190,2023-08-14T07:03:32+00:00,2024-04-01T03:57:19+00:00,,2024-04-01T03:57:19+00:00,,low,issue_closed_at_fallback
1689,2023-01-09T02:44:42+00:00,2024-04-01T04:06:29+00:00,,2024-04-01T04:06:29+00:00,,low,issue_closed_at_fallback
491,2022-05-08T16:39:27+00:00,2024-04-01T07:21:20+00:00,,2024-04-01T07:21:20+00:00,,low,issue_closed_at_fallback
2300,2023-04-20T07:36:57+00:00,2024-04-01T07:41:58+00:00,,2024-04-01T07:41:58+00:00,,low,issue_closed_at_fallback
2929,2023-07-03T05:51:18+00:00,2024-04-01T07:57:31+00:00,,2024-04-01T07:57:31+00:00,,low,issue_closed_at_fallback
3148,2023-08-08T13:19:50+00:00,2024-04-01T08:09:38+00:00,,2024-04-01T08:09:38+00:00,,low,issue_closed_at_fallback
3435,2023-09-18T23:51:51+00:00,2024-04-01T08:19:42+00:00,,2024-04-01T08:19:42+00:00,,low,issue_closed_at_fallback
3420,2023-09-16T14:25:02+00:00,2024-04-01T08:20:59+00:00,,2024-04-01T08:20:59+00:00,,low,issue_closed_at_fallback
3583,2023-10-02T14:03:19+00:00,2024-04-01T08:31:43+00:00,,2024-04-01T08:31:43+00:00,,low,issue_closed_at_fallback
3858,2023-11-01T11:25:24+00:00,2024-04-01T13:05:07+00:00,,2024-04-01T13:05:07+00:00,,low,issue_closed_at_fallback
4134,2023-12-12T00:35:30+00:00,2024-04-02T02:18:42+00:00,,2024-04-02T02:18:42+00:00,,low,issue_closed_at_fallback
4245,2023-12-29T15:36:42+00:00,2024-04-02T02:24:37+00:00,,2024-04-02T02:24:37+00:00,,low,issue_closed_at_fallback
4099,2023-12-05T21:23:00+00:00,2024-04-02T02:53:06+00:00,,2024-04-02T02:53:06+00:00,,low,issue_closed_at_fallback
4668,2024-02-17T07:08:59+00:00,2024-04-02T10:01:34+00:00,,2024-04-02T10:01:34+00:00,,low,issue_closed_at_fallback
4657,2024-02-15T08:32:15+00:00,2024-04-02T10:02:06+00:00,,2024-04-02T10:02:06+00:00,,low,issue_closed_at_fallback
4628,2024-02-07T17:47:33+00:00,2024-04-02T10:10:35+00:00,,2024-04-02T10:10:35+00:00,,low,issue_closed_at_fallback
4703,2024-02-22T06:09:31+00:00,2024-04-02T10:56:11+00:00,,2024-04-02T10:56:11+00:00,,low,issue_closed_at_fallback
4846,2024-03-07T14:10:58+00:00,2024-04-02T11:13:49+00:00,,2024-04-02T11:13:49+00:00,,low,issue_closed_at_fallback
4720,2024-02-23T16:08:42+00:00,2024-04-08T01:35:33+00:00,,2024-04-08T01:35:33+00:00,,low,issue_closed_at_fallback
5098,2024-04-09T01:42:12+00:00,2024-04-09T11:26:41+00:00,,2024-04-09T11:26:41+00:00,,low,issue_closed_at_fallback
3409,2023-09-15T07:11:50+00:00,2024-04-09T12:05:13+00:00,,2024-04-09T12:05:13+00:00,,low,issue_closed_at_fallback
4971,2024-03-23T10:47:40+00:00,2024-04-10T07:33:03+00:00,,2024-04-10T07:33:03+00:00,,low,issue_closed_at_fallback
5003,2024-03-29T02:41:22+00:00,2024-04-11T06:49:37+00:00,b7b4ea2da11fb40d4249dd58bb795d331ac23a98,2024-04-11T06:49:36+00:00,5039.0,medium,pull_request_keyword
4259,2023-12-30T19:52:34+00:00,2024-04-13T22:48:28+00:00,,2024-04-13T22:48:28+00:00,,low,issue_closed_at_fallback
1815,2023-02-07T05:36:33+00:00,2024-04-23T01:46:42+00:00,,2024-04-23T01:46:42+00:00,,low,issue_closed_at_fallback
4912,2024-03-15T07:32:25+00:00,2024-04-29T01:30:52+00:00,,2024-04-29T01:30:52+00:00,,low,issue_closed_at_fallback
3765,2023-10-23T13:37:23+00:00,2024-04-29T01:30:53+00:00,,2024-04-29T01:30:53+00:00,,low,issue_closed_at_fallback
4911,2024-03-15T07:30:12+00:00,2024-04-29T01:30:53+00:00,,2024-04-29T01:30:53+00:00,,low,issue_closed_at_fallback
4979,2024-03-25T00:58:52+00:00,2024-04-30T09:35:05+00:00,,2024-04-30T09:35:05+00:00,,low,issue_closed_at_fallback
4666,2024-02-16T20:28:51+00:00,2024-04-30T09:35:05+00:00,,2024-04-30T09:35:05+00:00,,low,issue_closed_at_fallback
4771,2024-02-28T10:22:32+00:00,2024-05-01T09:59:46+00:00,,2024-05-01T09:59:46+00:00,,low,issue_closed_at_fallback
5230,2024-04-30T10:57:18+00:00,2024-05-08T08:21:04+00:00,,2024-05-08T08:21:04+00:00,,low,issue_closed_at_fallback
3249,2023-08-22T04:56:42+00:00,2024-05-10T02:02:13+00:00,,2024-05-10T02:02:13+00:00,,low,issue_closed_at_fallback
5283,2024-05-07T09:25:28+00:00,2024-05-10T02:02:13+00:00,,2024-05-10T02:02:13+00:00,,low,issue_closed_at_fallback
5320,2024-05-13T07:02:26+00:00,2024-05-13T13:45:28+00:00,,2024-05-13T13:45:28+00:00,,low,issue_closed_at_fallback
5360,2024-05-18T12:30:38+00:00,2024-05-20T09:19:59+00:00,9b7ee4b978c0b6f5c55413694efedf6294ff0f80,2024-05-20T09:19:58+00:00,5366.0,medium,pull_request_keyword
5361,2024-05-19T06:22:40+00:00,2024-05-21T01:21:52+00:00,,2024-05-21T01:21:52+00:00,,low,issue_closed_at_fallback
5372,2024-05-20T09:21:36+00:00,2024-05-21T02:47:32+00:00,,2024-05-21T02:47:32+00:00,,low,issue_closed_at_fallback
5319,2024-05-13T06:45:08+00:00,2024-05-30T11:10:46+00:00,,2024-05-30T11:10:46+00:00,,low,issue_closed_at_fallback
5304,2024-05-09T22:29:52+00:00,2024-05-30T11:11:03+00:00,,2024-05-30T11:11:03+00:00,,low,issue_closed_at_fallback
4923,2024-03-16T14:03:10+00:00,2024-05-30T11:12:23+00:00,,2024-05-30T11:12:23+00:00,,low,issue_closed_at_fallback
4775,2024-02-28T11:14:22+00:00,2024-05-30T11:13:46+00:00,,2024-05-30T11:13:46+00:00,,low,issue_closed_at_fallback
5434,2024-05-29T08:54:22+00:00,2024-06-07T07:41:00+00:00,,2024-06-07T07:41:00+00:00,,low,issue_closed_at_fallback
4970,2024-03-23T10:22:55+00:00,2024-06-07T08:09:20+00:00,,2024-06-07T08:09:20+00:00,,low,issue_closed_at_fallback
5385,2024-05-21T09:11:44+00:00,2024-06-09T12:01:50+00:00,,2024-06-09T12:01:50+00:00,,low,issue_closed_at_fallback
5485,2024-06-07T00:15:10+00:00,2024-06-10T01:04:02+00:00,,2024-06-10T01:04:02+00:00,,low,issue_closed_at_fallback
5389,2024-05-22T02:06:29+00:00,2024-06-10T13:23:27+00:00,,2024-06-10T13:23:27+00:00,,low,issue_closed_at_fallback
5495,2024-06-08T13:26:18+00:00,2024-06-11T20:17:35+00:00,,2024-06-11T20:17:35+00:00,,low,issue_closed_at_fallback
5478,2024-06-05T11:29:50+00:00,2024-06-19T13:37:36+00:00,,2024-06-19T13:37:36+00:00,,low,issue_closed_at_fallback
5332,2024-05-14T06:49:54+00:00,2024-06-20T08:14:00+00:00,,2024-06-20T08:14:00+00:00,,low,issue_closed_at_fallback
4646,2024-02-11T19:35:51+00:00,2024-06-21T13:27:28+00:00,,2024-06-21T13:27:28+00:00,,low,issue_closed_at_fallback
4932,2024-03-18T09:29:52+00:00,2024-06-21T13:35:40+00:00,,2024-06-21T13:35:40+00:00,,low,issue_closed_at_fallback
3287,2023-08-28T12:58:59+00:00,2024-06-21T13:40:03+00:00,,2024-06-21T13:40:03+00:00,,low,issue_closed_at_fallback
4091,2023-12-05T06:30:32+00:00,2024-06-21T14:01:24+00:00,,2024-06-21T14:01:24+00:00,,low,issue_closed_at_fallback
3613,2023-10-04T14:43:18+00:00,2024-06-21T14:08:17+00:00,,2024-06-21T14:08:17+00:00,,low,issue_closed_at_fallback
3585,2023-10-02T14:34:31+00:00,2024-06-22T03:55:55+00:00,,2024-06-22T03:55:55+00:00,,low,issue_closed_at_fallback
4237,2023-12-28T23:16:25+00:00,2024-06-22T04:21:07+00:00,,2024-06-22T04:21:07+00:00,,low,issue_closed_at_fallback
3865,2023-11-02T05:43:49+00:00,2024-06-22T04:32:11+00:00,,2024-06-22T04:32:11+00:00,,low,issue_closed_at_fallback
3492,2023-09-21T10:38:19+00:00,2024-06-22T07:23:20+00:00,,2024-06-22T07:23:20+00:00,,low,issue_closed_at_fallback
3096,2023-08-01T15:05:29+00:00,2024-06-22T07:41:51+00:00,fbb175335055e1ed9f3bd8a5aaff86feab55d5a0,2023-08-07T09:49:04+00:00,3115.0,medium,pull_request_keyword
2276,2023-04-17T12:46:54+00:00,2024-06-22T08:03:47+00:00,,2024-06-22T08:03:47+00:00,,low,issue_closed_at_fallback
4862,2024-03-10T08:00:28+00:00,2024-06-23T12:56:42+00:00,,2024-06-23T12:56:42+00:00,,low,issue_closed_at_fallback
2904,2023-06-27T05:54:32+00:00,2024-06-25T18:07:44+00:00,,2024-06-25T18:07:44+00:00,,low,issue_closed_at_fallback
5472,2024-06-05T06:49:57+00:00,2024-06-25T18:08:02+00:00,,2024-06-25T18:08:02+00:00,,low,issue_closed_at_fallback
3824,2023-10-29T08:31:00+00:00,2024-07-02T12:28:47+00:00,,2024-07-02T12:28:47+00:00,,low,issue_closed_at_fallback
3964,2023-11-19T13:13:29+00:00,2024-07-02T12:29:11+00:00,,2024-07-02T12:29:11+00:00,,low,issue_closed_at_fallback
4959,2024-03-21T10:41:51+00:00,2024-07-02T12:31:29+00:00,,2024-07-02T12:31:29+00:00,,low,issue_closed_at_fallback
4767,2024-02-28T08:33:16+00:00,2024-07-03T03:09:01+00:00,,2024-07-03T03:09:01+00:00,,low,issue_closed_at_fallback
5579,2024-06-19T13:27:36+00:00,2024-07-03T17:55:47+00:00,,2024-07-03T17:55:47+00:00,,low,issue_closed_at_fallback
5765,2024-07-19T21:55:21+00:00,2024-07-22T08:46:48+00:00,,2024-07-22T08:46:48+00:00,,low,issue_closed_at_fallback
5424,2024-05-28T03:14:02+00:00,2024-07-30T07:28:43+00:00,,2024-07-30T07:28:43+00:00,,low,issue_closed_at_fallback
5965,2024-08-14T13:55:57+00:00,2024-08-17T03:04:57+00:00,,2024-08-17T03:04:57+00:00,,low,issue_closed_at_fallback
4290,2024-01-03T02:42:12+00:00,2024-08-22T03:23:01+00:00,,2024-08-22T03:23:01+00:00,,low,issue_closed_at_fallback
4623,2024-02-07T07:54:55+00:00,2024-08-22T03:25:25+00:00,,2024-08-22T03:25:25+00:00,,low,issue_closed_at_fallback
5191,2024-04-23T06:48:21+00:00,2024-08-22T03:49:24+00:00,,2024-08-22T03:49:24+00:00,,low,issue_closed_at_fallback
6100,2024-08-28T21:59:06+00:00,2024-08-30T08:12:17+00:00,,2024-08-30T08:12:17+00:00,,low,issue_closed_at_fallback
6043,2024-08-22T13:16:58+00:00,2024-09-01T08:06:59+00:00,6ce77aea3e6c770dbe4ede9f9eac267843d3ff08,2024-09-01T08:06:58+00:00,6145.0,medium,pull_request_keyword
6055,2024-08-24T04:12:02+00:00,2024-09-05T05:55:38+00:00,1c6e709c820d5aab148f921ec24e7e865a4817e9,2024-09-05T05:55:37+00:00,6194.0,medium,pull_request_keyword
6112,2024-08-30T03:46:23+00:00,2024-09-05T05:55:38+00:00,1c6e709c820d5aab148f921ec24e7e865a4817e9,2024-09-05T05:55:37+00:00,6194.0,medium,pull_request_keyword
5525,2024-06-12T19:41:46+00:00,2024-09-06T16:20:14+00:00,,2024-09-06T16:20:14+00:00,,low,issue_closed_at_fallback
6221,2024-09-06T13:46:31+00:00,2024-09-09T04:55:46+00:00,,2024-09-09T04:55:46+00:00,,low,issue_closed_at_fallback
6262,2024-09-10T01:49:48+00:00,2024-09-10T07:00:31+00:00,,2024-09-10T07:00:31+00:00,,low,issue_closed_at_fallback
5760,2024-07-19T02:25:23+00:00,2024-09-10T08:32:37+00:00,,2024-09-10T08:32:37+00:00,,low,issue_closed_at_fallback
5786,2024-07-22T17:46:36+00:00,2024-09-10T13:46:02+00:00,,2024-09-10T13:46:02+00:00,,low,issue_closed_at_fallback
3218,2023-08-16T18:46:32+00:00,2024-09-12T13:27:41+00:00,,2024-09-12T13:27:41+00:00,,low,issue_closed_at_fallback
4271,2024-01-01T17:08:33+00:00,2024-09-12T13:31:35+00:00,,2024-09-12T13:31:35+00:00,,low,issue_closed_at_fallback
6042,2024-08-22T13:12:13+00:00,2024-09-15T20:33:01+00:00,,2024-09-15T20:33:01+00:00,,low,issue_closed_at_fallback
6303,2024-09-13T11:26:13+00:00,2024-09-16T01:32:33+00:00,7e0de1f69c10c9c921e6a3335afe526f2f9954db,2024-09-16T01:32:32+00:00,6309.0,medium,pull_request_keyword
6208,2024-09-06T03:49:47+00:00,2024-09-18T22:33:14+00:00,,2024-09-18T22:33:14+00:00,,low,issue_closed_at_fallback
6394,2024-09-24T14:50:12+00:00,2024-09-26T12:16:50+00:00,,2024-09-26T12:16:50+00:00,,low,issue_closed_at_fallback
3586,2023-10-02T14:36:29+00:00,2024-09-29T12:18:28+00:00,,2024-09-29T12:18:28+00:00,,low,issue_closed_at_fallback
4238,2023-12-29T00:50:43+00:00,2024-09-30T06:08:23+00:00,,2024-09-30T06:08:23+00:00,,low,issue_closed_at_fallback
4712,2024-02-23T02:14:09+00:00,2024-09-30T08:00:55+00:00,,2024-09-30T08:00:55+00:00,,low,issue_closed_at_fallback
4948,2024-03-20T14:25:39+00:00,2024-09-30T08:44:24+00:00,,2024-09-30T08:44:24+00:00,,low,issue_closed_at_fallback
5359,2024-05-18T09:14:28+00:00,2024-09-30T13:26:55+00:00,,2024-09-30T13:26:55+00:00,,low,issue_closed_at_fallback
5324,2024-05-13T10:05:34+00:00,2024-09-30T13:58:21+00:00,,2024-09-30T13:58:21+00:00,,low,issue_closed_at_fallback
5365,2024-05-19T13:19:01+00:00,2024-09-30T14:01:26+00:00,,2024-09-30T14:01:26+00:00,,low,issue_closed_at_fallback
5435,2024-05-29T09:03:16+00:00,2024-10-01T02:18:04+00:00,,2024-10-01T02:18:04+00:00,,low,issue_closed_at_fallback
5438,2024-05-30T02:33:11+00:00,2024-10-01T02:27:48+00:00,,2024-10-01T02:27:48+00:00,,low,issue_closed_at_fallback
5521,2024-06-11T21:23:02+00:00,2024-10-01T03:26:28+00:00,,2024-10-01T03:26:28+00:00,,low,issue_closed_at_fallback
5548,2024-06-17T02:24:06+00:00,2024-10-01T03:29:12+00:00,,2024-10-01T03:29:12+00:00,,low,issue_closed_at_fallback
5426,2024-05-28T13:49:58+00:00,2024-10-01T04:53:45+00:00,,2024-10-01T04:53:45+00:00,,low,issue_closed_at_fallback
6440,2024-09-30T21:21:25+00:00,2024-10-01T06:07:19+00:00,,2024-10-01T06:07:19+00:00,,low,issue_closed_at_fallback
6436,2024-09-30T10:09:49+00:00,2024-10-01T07:38:37+00:00,,2024-10-01T07:38:37+00:00,,low,issue_closed_at_fallback
5661,2024-06-30T13:59:35+00:00,2024-10-01T12:32:52+00:00,,2024-10-01T12:32:52+00:00,,low,issue_closed_at_fallback
5662,2024-06-30T14:03:48+00:00,2024-10-01T12:33:38+00:00,,2024-10-01T12:33:38+00:00,,low,issue_closed_at_fallback
5758,2024-07-18T01:52:33+00:00,2024-10-01T13:42:26+00:00,,2024-10-01T13:42:26+00:00,,low,issue_closed_at_fallback
5880,2024-08-05T14:53:45+00:00,2024-10-02T02:41:30+00:00,,2024-10-02T02:41:30+00:00,,low,issue_closed_at_fallback
5888,2024-08-06T08:22:41+00:00,2024-10-02T02:45:36+00:00,,2024-10-02T02:45:36+00:00,,low,issue_closed_at_fallback
5893,2024-08-06T19:13:55+00:00,2024-10-02T02:50:07+00:00,,2024-10-02T02:50:07+00:00,,low,issue_closed_at_fallback
6077,2024-08-26T12:25:09+00:00,2024-10-02T02:53:19+00:00,,2024-10-02T02:53:19+00:00,,low,issue_closed_at_fallback
5898,2024-08-07T09:47:52+00:00,2024-10-02T03:02:02+00:00,,2024-10-02T03:02:02+00:00,,low,issue_closed_at_fallback
5994,2024-08-17T07:33:30+00:00,2024-10-02T04:07:58+00:00,,2024-10-02T04:07:58+00:00,,low,issue_closed_at_fallback
6040,2024-08-22T09:17:28+00:00,2024-10-02T05:59:34+00:00,,2024-10-02T05:59:34+00:00,,low,issue_closed_at_fallback
6278,2024-09-11T12:08:10+00:00,2024-10-02T07:06:06+00:00,,2024-10-02T07:06:06+00:00,,low,issue_closed_at_fallback
5827,2024-07-29T06:26:14+00:00,2024-10-03T01:12:34+00:00,,2024-10-03T01:12:34+00:00,,low,issue_closed_at_fallback
4966,2024-03-22T11:22:53+00:00,2024-10-03T03:02:36+00:00,,2024-10-03T03:02:36+00:00,,low,issue_closed_at_fallback
6226,2024-09-07T09:44:05+00:00,2024-10-03T03:44:46+00:00,,2024-10-03T03:44:46+00:00,,low,issue_closed_at_fallback
6398,2024-09-25T03:58:08+00:00,2024-10-03T05:20:38+00:00,,2024-10-03T05:20:38+00:00,,low,issue_closed_at_fallback
5501,2024-06-09T12:27:15+00:00,2024-10-03T05:20:48+00:00,,2024-10-03T05:20:48+00:00,,low,issue_closed_at_fallback
6048,2024-08-23T08:09:17+00:00,2024-10-04T05:26:28+00:00,,2024-10-04T05:26:28+00:00,,low,issue_closed_at_fallback
6293,2024-09-13T03:23:15+00:00,2024-10-04T05:43:45+00:00,,2024-10-04T05:43:45+00:00,,low,issue_closed_at_fallback
2346,2023-04-25T07:22:29+00:00,2024-10-08T16:00:02+00:00,,2024-10-08T16:00:02+00:00,,low,issue_closed_at_fallback
3999,2023-11-24T04:17:58+00:00,2024-10-08T19:26:21+00:00,,2024-10-08T19:26:21+00:00,,low,issue_closed_at_fallback
3989,2023-11-22T21:50:03+00:00,2024-10-09T06:44:55+00:00,,2024-10-09T06:44:55+00:00,,low,issue_closed_at_fallback
1681,2023-01-07T15:54:09+00:00,2024-10-09T12:05:29+00:00,,2024-10-09T12:05:29+00:00,,low,issue_closed_at_fallback
6249,2024-09-09T11:51:39+00:00,2024-10-09T13:23:44+00:00,,2024-10-09T13:23:44+00:00,,low,issue_closed_at_fallback
5153,2024-04-17T12:17:48+00:00,2024-10-10T09:57:43+00:00,,2024-10-10T09:57:43+00:00,,low,issue_closed_at_fallback
5219,2024-04-27T08:18:30+00:00,2024-10-14T12:54:04+00:00,,2024-10-14T12:54:04+00:00,,low,issue_closed_at_fallback
6414,2024-09-27T03:48:02+00:00,2024-10-15T19:02:48+00:00,,2024-10-15T19:02:48+00:00,,low,issue_closed_at_fallback
5055,2024-04-04T00:55:08+00:00,2024-10-18T03:17:38+00:00,,2024-10-18T03:17:38+00:00,,low,issue_closed_at_fallback
4309,2024-01-05T04:26:57+00:00,2024-10-23T00:51:40+00:00,,2024-10-23T00:51:40+00:00,,low,issue_closed_at_fallback
3496,2023-09-22T01:56:36+00:00,2024-10-23T00:51:40+00:00,,2024-10-23T00:51:40+00:00,,low,issue_closed_at_fallback
6444,2024-10-01T10:04:03+00:00,2024-11-01T04:56:53+00:00,,2024-11-01T04:56:53+00:00,,low,issue_closed_at_fallback
6653,2024-10-29T05:43:56+00:00,2024-11-01T06:23:11+00:00,,2024-11-01T06:23:11+00:00,,low,issue_closed_at_fallback
6765,2024-11-11T12:31:46+00:00,2024-11-14T01:20:19+00:00,,2024-11-14T01:20:19+00:00,,low,issue_closed_at_fallback
6480,2024-10-04T14:00:27+00:00,2024-11-14T14:02:35+00:00,,2024-11-14T14:02:35+00:00,,low,issue_closed_at_fallback
6805,2024-11-17T05:46:01+00:00,2024-11-18T02:33:37+00:00,,2024-11-18T02:33:37+00:00,,low,issue_closed_at_fallback
6811,2024-11-17T08:16:07+00:00,2024-11-18T06:44:03+00:00,8a7cedd5b428d9e646236ef619d9017f46bc391c,2024-11-18T06:44:02+00:00,6821.0,medium,pull_request_keyword
6832,2024-11-19T13:33:54+00:00,2024-11-20T07:20:58+00:00,,2024-11-20T07:20:58+00:00,,low,issue_closed_at_fallback
5626,2024-06-25T20:07:19+00:00,2024-11-23T08:26:38+00:00,,2024-11-23T08:26:38+00:00,,low,issue_closed_at_fallback
6807,2024-11-17T06:33:40+00:00,2024-11-25T01:41:39+00:00,,2024-11-25T01:41:39+00:00,,low,issue_closed_at_fallback
6776,2024-11-13T09:17:26+00:00,2024-11-25T02:39:24+00:00,bde14575248fde5b2908f2d280fce923f43755a4,2024-11-25T02:39:24+00:00,6854.0,medium,pull_request_keyword
2452,2023-05-03T13:04:19+00:00,2024-11-28T07:39:39+00:00,,2024-11-28T07:39:39+00:00,,low,issue_closed_at_fallback
2809,2023-06-15T09:33:13+00:00,2024-11-28T07:39:55+00:00,,2024-11-28T07:39:55+00:00,,low,issue_closed_at_fallback
5193,2024-04-23T13:13:23+00:00,2024-11-28T07:44:37+00:00,,2024-11-28T07:44:37+00:00,,low,issue_closed_at_fallback
6945,2024-12-08T12:28:45+00:00,2024-12-09T07:13:38+00:00,,2024-12-09T07:13:38+00:00,,low,issue_closed_at_fallback
6524,2024-10-10T09:06:23+00:00,2024-12-09T10:46:32+00:00,,2024-12-09T10:46:32+00:00,,low,issue_closed_at_fallback
3780,2023-10-25T14:16:40+00:00,2024-12-09T10:52:11+00:00,,2024-12-09T10:52:11+00:00,,low,issue_closed_at_fallback
3795,2023-10-26T09:46:33+00:00,2024-12-09T13:34:03+00:00,,2024-12-09T13:34:03+00:00,,low,issue_closed_at_fallback
6955,2024-12-10T03:29:06+00:00,2024-12-12T02:04:51+00:00,,2024-12-12T02:04:51+00:00,,low,issue_closed_at_fallback
6957,2024-12-10T08:39:58+00:00,2024-12-12T04:51:21+00:00,,2024-12-12T04:51:21+00:00,,low,issue_closed_at_fallback
6574,2024-10-17T07:25:42+00:00,2024-12-12T21:48:09+00:00,,2024-12-12T21:48:09+00:00,,low,issue_closed_at_fallback
5711,2024-07-10T02:51:26+00:00,2024-12-15T07:44:04+00:00,,2024-12-15T07:44:04+00:00,,low,issue_closed_at_fallback
6104,2024-08-29T10:18:34+00:00,2024-12-15T07:46:35+00:00,,2024-12-15T07:46:35+00:00,,low,issue_closed_at_fallback
6146,2024-08-31T17:47:04+00:00,2024-12-15T07:47:59+00:00,,2024-12-15T07:47:59+00:00,,low,issue_closed_at_fallback
6251,2024-09-09T11:58:29+00:00,2024-12-15T07:49:45+00:00,,2024-12-15T07:49:45+00:00,,low,issue_closed_at_fallback
6905,2024-12-02T07:25:19+00:00,2024-12-15T08:00:07+00:00,,2024-12-15T08:00:07+00:00,,low,issue_closed_at_fallback
6295,2024-09-13T05:59:59+00:00,2024-12-15T08:11:19+00:00,,2024-12-15T08:11:19+00:00,,low,issue_closed_at_fallback
4568,2024-01-31T16:22:17+00:00,2024-12-24T08:28:33+00:00,,2024-12-24T08:28:33+00:00,,low,issue_closed_at_fallback
6808,2024-11-17T06:37:34+00:00,2024-12-30T05:18:56+00:00,,2024-12-30T05:18:56+00:00,,low,issue_closed_at_fallback
4584,2024-02-02T04:35:24+00:00,2024-12-31T03:13:28+00:00,,2024-12-31T03:13:28+00:00,,low,issue_closed_at_fallback
5186,2024-04-23T02:44:27+00:00,2024-12-31T03:18:23+00:00,,2024-12-31T03:18:23+00:00,,low,issue_closed_at_fallback
7106,2024-12-31T03:35:29+00:00,2024-12-31T08:02:06+00:00,,2024-12-31T08:02:06+00:00,,low,issue_closed_at_fallback
7107,2024-12-31T03:50:37+00:00,2024-12-31T08:02:09+00:00,,2024-12-31T08:02:09+00:00,,low,issue_closed_at_fallback
7105,2024-12-31T03:25:04+00:00,2024-12-31T08:02:10+00:00,,2024-12-31T08:02:10+00:00,,low,issue_closed_at_fallback
7108,2024-12-31T03:57:04+00:00,2024-12-31T08:02:15+00:00,,2024-12-31T08:02:15+00:00,,low,issue_closed_at_fallback
6688,2024-11-01T05:04:14+00:00,2024-12-31T08:07:16+00:00,,2024-12-31T08:07:16+00:00,,low,issue_closed_at_fallback
6302,2024-09-13T11:21:30+00:00,2025-01-03T03:52:07+00:00,,2025-01-03T03:52:07+00:00,,low,issue_closed_at_fallback
5768,2024-07-20T09:29:34+00:00,2025-01-03T04:06:07+00:00,,2025-01-03T04:06:07+00:00,,low,issue_closed_at_fallback
5310,2024-05-10T06:58:05+00:00,2025-01-03T04:26:51+00:00,,2025-01-03T04:26:51+00:00,,low,issue_closed_at_fallback
4225,2023-12-27T18:49:26+00:00,2025-01-03T04:46:54+00:00,,2025-01-03T04:46:54+00:00,,low,issue_closed_at_fallback
4043,2023-11-29T04:40:18+00:00,2025-01-03T05:22:25+00:00,,2025-01-03T05:22:25+00:00,,low,issue_closed_at_fallback
3503,2023-09-22T10:31:18+00:00,2025-01-03T05:25:31+00:00,,2025-01-03T05:25:31+00:00,,low,issue_closed_at_fallback
4046,2023-11-29T17:49:33+00:00,2025-01-03T05:29:45+00:00,,2025-01-03T05:29:45+00:00,,low,issue_closed_at_fallback
4443,2024-01-22T15:01:45+00:00,2025-01-03T05:40:45+00:00,,2025-01-03T05:40:45+00:00,,low,issue_closed_at_fallback
4848,2024-03-08T01:33:05+00:00,2025-01-03T05:53:21+00:00,,2025-01-03T05:53:21+00:00,,low,issue_closed_at_fallback
1704,2023-01-13T20:10:21+00:00,2025-01-03T06:19:15+00:00,,2025-01-03T06:19:15+00:00,,low,issue_closed_at_fallback
5643,2024-06-27T14:11:00+00:00,2025-01-03T07:07:04+00:00,,2025-01-03T07:07:04+00:00,,low,issue_closed_at_fallback
5433,2024-05-29T08:03:03+00:00,2025-01-03T07:21:41+00:00,,2025-01-03T07:21:41+00:00,,low,issue_closed_at_fallback
6358,2024-09-19T22:52:23+00:00,2025-01-03T07:23:01+00:00,,2025-01-03T07:23:01+00:00,,low,issue_closed_at_fallback
5221,2024-04-27T13:43:47+00:00,2025-01-03T10:30:47+00:00,7bc358d7ac7410864f86552cbf700f0e1bb9167a,2025-01-05T11:55:15+00:00,7138.0,medium,pull_request_keyword
6612,2024-10-23T21:46:51+00:00,2025-01-03T10:32:49+00:00,,2025-01-03T10:32:49+00:00,,low,issue_closed_at_fallback
6812,2024-11-17T08:20:57+00:00,2025-01-03T14:01:45+00:00,,2025-01-03T14:01:45+00:00,,low,issue_closed_at_fallback
6813,2024-11-17T08:30:29+00:00,2025-01-03T14:02:07+00:00,,2025-01-03T14:02:07+00:00,,low,issue_closed_at_fallback
6105,2024-08-29T11:35:01+00:00,2025-01-04T05:45:36+00:00,,2025-01-04T05:45:36+00:00,,low,issue_closed_at_fallback
6979,2024-12-12T04:03:47+00:00,2025-01-05T20:35:28+00:00,,2025-01-05T20:35:28+00:00,,low,issue_closed_at_fallback
6147,2024-08-31T21:54:35+00:00,2025-01-07T02:06:08+00:00,,2025-01-07T02:06:08+00:00,,low,issue_closed_at_fallback
7070,2024-12-27T17:21:32+00:00,2025-01-07T09:56:18+00:00,,2025-01-07T09:56:18+00:00,,low,issue_closed_at_fallback
6545,2024-10-14T16:27:23+00:00,2025-01-09T06:29:31+00:00,,2025-01-09T06:29:31+00:00,,low,issue_closed_at_fallback
7192,2025-01-11T23:56:24+00:00,2025-01-13T09:14:32+00:00,0c6d4df14bdd5f1aaa8cc67ac49577deac64843a,2025-01-13T09:14:31+00:00,7197.0,medium,pull_request_keyword
7202,2025-01-13T19:42:35+00:00,2025-01-14T08:08:02+00:00,ff91c0a9098f5a4f7d102a08d775dc3e472af615,2025-01-14T08:08:01+00:00,7203.0,medium,pull_request_keyword
7214,2025-01-15T03:58:18+00:00,2025-01-25T03:58:03+00:00,,2025-01-25T03:58:03+00:00,,low,issue_closed_at_fallback
2697,2023-06-04T00:00:56+00:00,2025-01-25T14:36:07+00:00,,2025-01-25T14:36:07+00:00,,low,issue_closed_at_fallback
7284,2025-01-24T11:40:28+00:00,2025-02-07T06:49:52+00:00,17ae05a623371f483c9cd227ecb4a9022df93abd,2025-02-07T06:49:51+00:00,7326.0,medium,pull_request_keyword
7283,2025-01-24T11:25:29+00:00,2025-02-07T07:12:11+00:00,,2025-02-07T06:50:28+00:00,7280.0,medium,pull_request_keyword
3343,2023-09-05T09:33:18+00:00,2025-02-11T13:46:03+00:00,552dba5abea019c7d27986f0f7d18cf68002942c,2025-02-11T13:46:02+00:00,7333.0,medium,pull_request_keyword
7424,2025-02-27T09:29:46+00:00,2025-02-28T07:18:22+00:00,,2025-02-28T07:18:22+00:00,,low,issue_closed_at_fallback
7474,2025-03-06T19:40:48+00:00,2025-03-07T09:23:28+00:00,,2025-03-07T09:23:28+00:00,,low,issue_closed_at_fallback
7529,2025-03-13T07:27:43+00:00,2025-03-17T01:36:47+00:00,,2025-03-17T01:36:47+00:00,,low,issue_closed_at_fallback
4986,2024-03-25T15:55:09+00:00,2025-03-21T03:23:09+00:00,,2025-03-21T03:23:09+00:00,,low,issue_closed_at_fallback
6534,2024-10-12T22:57:25+00:00,2025-03-21T03:53:11+00:00,,2025-03-21T03:53:11+00:00,,low,issue_closed_at_fallback
6393,2024-09-24T14:42:42+00:00,2025-03-31T13:50:52+00:00,,2025-03-31T13:50:52+00:00,,low,issue_closed_at_fallback
6304,2024-09-13T21:19:26+00:00,2025-03-31T13:54:44+00:00,,2025-03-31T13:54:44+00:00,,low,issue_closed_at_fallback
4778,2024-02-28T11:33:17+00:00,2025-03-31T13:59:00+00:00,,2025-03-31T13:59:00+00:00,,low,issue_closed_at_fallback
7223,2025-01-16T03:08:13+00:00,2025-04-18T04:38:42+00:00,,2025-04-18T04:38:42+00:00,,low,issue_closed_at_fallback
6514,2024-10-08T21:40:48+00:00,2025-04-18T04:41:54+00:00,,2025-04-18T04:41:54+00:00,,low,issue_closed_at_fallback
6129,2024-08-30T18:08:57+00:00,2025-04-18T04:44:06+00:00,,2025-04-18T04:44:06+00:00,,low,issue_closed_at_fallback
5651,2024-06-28T02:54:10+00:00,2025-04-18T04:46:08+00:00,,2025-04-18T04:46:08+00:00,,low,issue_closed_at_fallback
4969,2024-03-23T09:10:59+00:00,2025-04-18T04:49:12+00:00,,2025-04-18T04:49:12+00:00,,low,issue_closed_at_fallback
4610,2024-02-06T01:48:57+00:00,2025-04-18T04:51:34+00:00,,2025-04-18T04:51:34+00:00,,low,issue_closed_at_fallback
6422,2024-09-27T18:43:10+00:00,2025-04-21T02:22:23+00:00,,2025-04-21T02:22:23+00:00,,low,issue_closed_at_fallback
7248,2025-01-20T09:41:28+00:00,2025-05-28T06:41:36+00:00,,2025-05-28T06:41:36+00:00,,low,issue_closed_at_fallback
7282,2025-01-24T10:32:10+00:00,2025-05-28T06:43:04+00:00,,2025-05-28T06:43:04+00:00,,low,issue_closed_at_fallback
6361,2024-09-20T04:20:35+00:00,2025-06-10T15:11:58+00:00,,2025-06-10T15:11:58+00:00,,low,issue_closed_at_fallback
3040,2023-07-21T13:03:10+00:00,2025-06-11T03:09:30+00:00,,2025-06-11T03:09:30+00:00,,low,issue_closed_at_fallback
4697,2024-02-21T13:42:11+00:00,2025-06-11T03:10:13+00:00,,2025-06-11T03:10:13+00:00,,low,issue_closed_at_fallback
6624,2024-10-25T18:09:42+00:00,2025-06-11T03:15:19+00:00,,2025-06-11T03:15:19+00:00,,low,issue_closed_at_fallback
6838,2024-11-20T21:21:41+00:00,2025-06-11T03:16:12+00:00,,2025-06-11T03:16:12+00:00,,low,issue_closed_at_fallback
6607,2024-10-23T13:16:59+00:00,2025-06-11T03:18:03+00:00,,2025-06-11T03:18:03+00:00,,low,issue_closed_at_fallback
4813,2024-03-04T07:31:27+00:00,2025-06-11T03:21:13+00:00,,2025-06-11T03:21:13+00:00,,low,issue_closed_at_fallback
6659,2024-10-29T11:55:55+00:00,2025-06-11T03:21:59+00:00,,2025-06-11T03:21:59+00:00,,low,issue_closed_at_fallback
7176,2025-01-08T18:46:21+00:00,2025-06-11T03:36:00+00:00,,2025-06-11T03:36:00+00:00,,low,issue_closed_at_fallback
7302,2025-01-30T09:08:31+00:00,2025-06-11T07:58:29+00:00,,2025-06-11T07:58:29+00:00,,low,issue_closed_at_fallback
6060,2024-08-24T16:06:09+00:00,2025-06-12T06:38:53+00:00,,2025-06-12T06:38:53+00:00,,low,issue_closed_at_fallback
5503,2024-06-10T08:11:16+00:00,2025-06-12T06:44:07+00:00,,2025-06-12T06:44:07+00:00,,low,issue_closed_at_fallback
5689,2024-07-05T09:46:02+00:00,2025-06-13T03:51:30+00:00,,2025-06-13T03:51:30+00:00,,low,issue_closed_at_fallback
6385,2024-09-23T06:34:12+00:00,2025-06-13T03:54:55+00:00,,2025-06-13T03:54:55+00:00,,low,issue_closed_at_fallback
8032,2025-06-05T07:08:44+00:00,2025-06-23T21:02:37+00:00,,2025-06-23T21:02:37+00:00,,low,issue_closed_at_fallback
8044,2025-06-08T14:54:11+00:00,2025-06-24T05:09:28+00:00,,2025-06-24T05:09:28+00:00,,low,issue_closed_at_fallback
7690,2025-04-06T14:19:31+00:00,2025-06-24T21:02:14+00:00,,2025-06-24T21:02:14+00:00,,low,issue_closed_at_fallback
7144,2025-01-05T00:13:42+00:00,2025-06-26T03:32:07+00:00,,2025-06-26T03:32:07+00:00,,low,issue_closed_at_fallback
6273,2024-09-10T16:31:32+00:00,2025-06-26T08:15:59+00:00,,2025-06-26T08:15:59+00:00,,low,issue_closed_at_fallback
6448,2024-10-01T20:24:33+00:00,2025-06-26T08:16:11+00:00,,2025-06-26T08:16:11+00:00,,low,issue_closed_at_fallback
5046,2024-04-03T04:07:44+00:00,2025-06-26T08:16:33+00:00,,2025-06-26T08:16:33+00:00,,low,issue_closed_at_fallback
5188,2024-04-23T03:38:45+00:00,2025-06-26T08:16:54+00:00,,2025-06-26T08:16:54+00:00,,low,issue_closed_at_fallback
5363,2024-05-19T10:09:20+00:00,2025-06-26T08:17:22+00:00,,2025-06-26T08:17:22+00:00,,low,issue_closed_at_fallback
7645,2025-03-29T07:01:55+00:00,2025-06-26T08:18:25+00:00,,2025-06-26T08:18:25+00:00,,low,issue_closed_at_fallback
7109,2024-12-31T04:00:57+00:00,2025-06-26T08:23:24+00:00,,2025-06-26T08:23:24+00:00,,low,issue_closed_at_fallback
7184,2025-01-10T01:36:13+00:00,2025-06-26T09:18:06+00:00,,2025-06-26T09:18:06+00:00,,low,issue_closed_at_fallback
8086,2025-06-27T05:04:52+00:00,2025-07-02T02:38:33+00:00,,2025-07-02T02:38:33+00:00,,low,issue_closed_at_fallback
5690,2024-07-05T20:11:05+00:00,2025-09-02T04:44:32+00:00,,2025-09-02T04:44:32+00:00,,low,issue_closed_at_fallback
5884,2024-08-06T04:30:32+00:00,2025-09-02T04:44:32+00:00,,2025-09-02T04:44:32+00:00,,low,issue_closed_at_fallback
6959,2024-12-10T10:51:17+00:00,2025-09-02T04:44:32+00:00,,2025-09-02T04:44:32+00:00,,low,issue_closed_at_fallback
7487,2025-03-09T08:27:07+00:00,2025-09-02T04:44:33+00:00,,2025-09-02T04:44:33+00:00,,low,issue_closed_at_fallback
7431,2025-02-28T07:54:20+00:00,2025-09-02T04:48:01+00:00,,2025-09-02T04:48:01+00:00,,low,issue_closed_at_fallback
6033,2024-08-21T16:04:29+00:00,2025-09-02T04:49:04+00:00,,2025-09-02T04:49:04+00:00,,low,issue_closed_at_fallback
5724,2024-07-12T02:11:12+00:00,2025-09-05T06:17:23+00:00,,2025-09-05T06:17:23+00:00,,low,issue_closed_at_fallback
6848,2024-11-23T16:11:20+00:00,2025-09-05T06:58:55+00:00,,2025-09-05T06:58:55+00:00,,low,issue_closed_at_fallback
7212,2025-01-14T16:08:03+00:00,2025-09-05T07:11:57+00:00,,2025-09-05T07:11:57+00:00,,low,issue_closed_at_fallback
7188,2025-01-10T11:07:26+00:00,2025-09-05T07:12:33+00:00,,2025-09-05T07:12:33+00:00,,low,issue_closed_at_fallback
7381,2025-02-13T15:43:23+00:00,2025-09-05T07:16:23+00:00,,2025-09-05T07:16:23+00:00,,low,issue_closed_at_fallback
7436,2025-03-01T23:04:18+00:00,2025-09-05T07:17:01+00:00,,2025-09-05T07:17:01+00:00,,low,issue_closed_at_fallback
7589,2025-03-23T11:59:53+00:00,2025-09-05T07:22:21+00:00,,2025-09-05T07:22:21+00:00,,low,issue_closed_at_fallback
7722,2025-04-10T15:30:58+00:00,2025-09-05T07:25:40+00:00,,2025-09-05T07:25:40+00:00,,low,issue_closed_at_fallback
7677,2025-04-03T06:59:47+00:00,2025-09-05T07:26:49+00:00,,2025-09-05T07:26:49+00:00,,low,issue_closed_at_fallback
7112,2024-12-31T05:17:11+00:00,2025-09-05T07:33:12+00:00,,2025-09-05T07:33:12+00:00,,low,issue_closed_at_fallback
5032,2024-04-02T02:43:48+00:00,2025-09-23T07:31:14+00:00,,2025-09-23T07:31:14+00:00,,low,issue_closed_at_fallback
8137,2025-07-25T06:31:49+00:00,2025-09-30T06:31:37+00:00,,2025-09-30T06:31:37+00:00,,low,issue_closed_at_fallback
5377,2024-05-21T03:53:43+00:00,2025-10-02T06:19:13+00:00,,2025-10-02T06:19:13+00:00,,low,issue_closed_at_fallback
8263,2025-10-08T03:20:22+00:00,2025-10-10T08:49:21+00:00,,2025-10-10T08:49:21+00:00,,low,issue_closed_at_fallback
4041,2023-11-28T23:49:03+00:00,2025-10-15T03:16:29+00:00,,2025-10-15T03:16:29+00:00,,low,issue_closed_at_fallback
6986,2024-12-15T05:11:01+00:00,2025-10-15T03:18:29+00:00,,2025-10-15T03:18:29+00:00,,low,issue_closed_at_fallback
5297,2024-05-09T12:47:26+00:00,2025-10-15T03:21:26+00:00,,2025-10-15T03:21:26+00:00,,low,issue_closed_at_fallback
6200,2024-09-05T11:07:23+00:00,2025-10-15T03:23:52+00:00,,2025-10-15T03:23:52+00:00,,low,issue_closed_at_fallback
6053,2024-08-24T03:01:57+00:00,2025-11-04T05:51:38+00:00,,2025-11-04T05:51:38+00:00,,low,issue_closed_at_fallback
6411,2024-09-26T14:15:05+00:00,2025-11-05T08:56:24+00:00,,2025-11-05T08:56:24+00:00,,low,issue_closed_at_fallback
7949,2025-05-19T11:33:17+00:00,2025-11-05T08:56:24+00:00,,2025-11-05T08:56:24+00:00,,low,issue_closed_at_fallback
4736,2024-02-25T18:45:20+00:00,2025-11-06T14:28:45+00:00,,2025-11-06T14:28:45+00:00,,low,issue_closed_at_fallback
8312,2025-10-27T05:24:57+00:00,2025-12-05T03:49:25+00:00,,2025-12-05T03:49:25+00:00,,low,issue_closed_at_fallback
8132,2025-07-23T06:52:39+00:00,2025-12-05T04:25:01+00:00,,2025-12-05T04:25:01+00:00,,low,issue_closed_at_fallback
7927,2025-05-13T08:24:15+00:00,2025-12-05T04:28:30+00:00,,2025-12-05T04:28:30+00:00,,low,issue_closed_at_fallback
6195,2024-09-05T06:11:49+00:00,2025-12-05T04:46:53+00:00,,2025-12-05T04:46:53+00:00,,low,issue_closed_at_fallback
6677,2024-10-30T17:16:22+00:00,2025-12-05T04:54:05+00:00,,2025-12-05T04:54:05+00:00,,low,issue_closed_at_fallback
8126,2025-07-17T07:13:06+00:00,2025-12-05T05:06:11+00:00,,2025-12-05T05:06:11+00:00,,low,issue_closed_at_fallback
8310,2025-10-27T01:15:55+00:00,2025-12-08T14:49:42+00:00,,2025-12-08T14:49:42+00:00,,low,issue_closed_at_fallback
7819,2025-04-23T21:29:23+00:00,2025-12-08T15:00:57+00:00,,2025-12-08T15:00:57+00:00,,low,issue_closed_at_fallback
7798,2025-04-21T11:37:27+00:00,2025-12-08T15:01:26+00:00,,2025-12-08T15:01:26+00:00,,low,issue_closed_at_fallback
7795,2025-04-21T07:09:28+00:00,2025-12-08T15:04:35+00:00,,2025-12-08T15:04:35+00:00,,low,issue_closed_at_fallback
7619,2025-03-25T16:11:38+00:00,2025-12-08T15:07:02+00:00,,2025-12-08T15:07:02+00:00,,low,issue_closed_at_fallback
7878,2025-05-04T00:54:30+00:00,2025-12-08T15:41:02+00:00,,2025-12-08T15:41:02+00:00,,low,issue_closed_at_fallback
8009,2025-06-02T00:55:56+00:00,2025-12-08T15:41:12+00:00,,2025-12-08T15:41:12+00:00,,low,issue_closed_at_fallback
7395,2025-02-17T21:47:50+00:00,2025-12-09T02:58:51+00:00,,2025-12-09T02:58:51+00:00,,low,issue_closed_at_fallback
7416,2025-02-25T03:16:17+00:00,2025-12-09T02:59:17+00:00,,2025-12-09T02:59:17+00:00,,low,issue_closed_at_fallback
7390,2025-02-17T03:25:06+00:00,2025-12-09T03:22:49+00:00,,2025-12-09T03:22:49+00:00,,low,issue_closed_at_fallback
7593,2025-03-23T20:26:26+00:00,2025-12-09T12:03:24+00:00,,2025-12-09T12:03:24+00:00,,low,issue_closed_at_fallback
7520,2025-03-13T01:49:04+00:00,2025-12-09T12:03:30+00:00,,2025-12-09T12:03:30+00:00,,low,issue_closed_at_fallback
6972,2024-12-11T22:06:08+00:00,2025-12-09T12:10:25+00:00,,2025-12-09T12:10:25+00:00,,low,issue_closed_at_fallback
6940,2024-12-07T09:44:34+00:00,2025-12-09T12:10:53+00:00,,2025-12-09T12:10:53+00:00,,low,issue_closed_at_fallback
6878,2024-11-28T14:53:46+00:00,2025-12-09T12:11:33+00:00,,2025-12-09T12:11:33+00:00,,low,issue_closed_at_fallback
7098,2024-12-30T11:34:37+00:00,2025-12-09T12:12:21+00:00,,2025-12-09T12:12:21+00:00,,low,issue_closed_at_fallback
6748,2024-11-08T06:06:06+00:00,2025-12-09T13:23:19+00:00,,2025-12-09T13:23:19+00:00,,low,issue_closed_at_fallback
6699,2024-11-01T21:09:02+00:00,2025-12-09T13:39:46+00:00,,2025-12-09T13:39:46+00:00,,low,issue_closed_at_fallback
4607,2024-02-05T13:48:04+00:00,2025-12-10T01:49:57+00:00,,2025-12-10T01:49:57+00:00,,low,issue_closed_at_fallback
8296,2025-10-15T14:32:39+00:00,2025-12-10T14:44:19+00:00,,2025-12-10T14:44:19+00:00,,low,issue_closed_at_fallback
8133,2025-07-23T09:54:17+00:00,2025-12-10T15:05:25+00:00,,2025-12-10T15:05:25+00:00,,low,issue_closed_at_fallback
7611,2025-03-25T12:24:31+00:00,2025-12-10T15:07:30+00:00,,2025-12-10T15:07:30+00:00,,low,issue_closed_at_fallback
7345,2025-02-09T17:52:42+00:00,2025-12-10T15:29:43+00:00,,2025-12-10T15:29:43+00:00,,low,issue_closed_at_fallback
7545,2025-03-14T17:17:22+00:00,2025-12-11T14:25:26+00:00,,2025-12-11T14:25:26+00:00,,low,issue_closed_at_fallback
7377,2025-02-13T09:26:27+00:00,2025-12-11T14:26:33+00:00,,2025-12-11T14:26:33+00:00,,low,issue_closed_at_fallback
6876,2024-11-28T14:41:35+00:00,2025-12-11T14:37:44+00:00,,2025-12-11T14:37:44+00:00,,low,issue_closed_at_fallback
7851,2025-04-28T19:59:17+00:00,2025-12-18T09:12:13+00:00,,2025-12-18T09:12:13+00:00,,low,issue_closed_at_fallback
7074,2024-12-28T05:27:13+00:00,2025-12-18T12:38:07+00:00,,2025-12-18T12:38:07+00:00,,low,issue_closed_at_fallback
6770,2024-11-12T16:23:01+00:00,2025-12-18T12:42:15+00:00,,2025-12-18T12:42:15+00:00,,low,issue_closed_at_fallback
6564,2024-10-16T15:10:32+00:00,2025-12-18T12:44:49+00:00,,2025-12-18T12:44:49+00:00,,low,issue_closed_at_fallback
3834,2023-10-30T09:00:34+00:00,2025-12-21T04:30:41+00:00,,2025-12-21T04:30:41+00:00,,low,issue_closed_at_fallback
3976,2023-11-21T08:34:28+00:00,2025-12-21T04:32:23+00:00,,2025-12-21T04:32:23+00:00,,low,issue_closed_at_fallback
3975,2023-11-21T07:50:16+00:00,2025-12-21T04:33:10+00:00,,2025-12-21T04:33:10+00:00,,low,issue_closed_at_fallback
3932,2023-11-13T15:52:50+00:00,2025-12-21T04:33:26+00:00,,2025-12-21T04:33:26+00:00,,low,issue_closed_at_fallback
5130,2024-04-14T07:41:53+00:00,2025-12-21T04:37:30+00:00,,2025-12-21T04:37:30+00:00,,low,issue_closed_at_fallback
5775,2024-07-22T02:14:40+00:00,2025-12-21T05:01:05+00:00,,2025-12-21T05:01:05+00:00,,low,issue_closed_at_fallback
5774,2024-07-21T23:48:49+00:00,2025-12-21T05:02:06+00:00,,2025-12-21T05:02:06+00:00,,low,issue_closed_at_fallback
6002,2024-08-18T09:01:48+00:00,2025-12-21T05:05:22+00:00,,2025-12-21T05:05:22+00:00,,low,issue_closed_at_fallback
6349,2024-09-18T17:00:51+00:00,2025-12-21T05:06:00+00:00,,2025-12-21T05:06:00+00:00,,low,issue_closed_at_fallback
6269,2024-09-10T13:30:31+00:00,2025-12-21T05:06:21+00:00,,2025-12-21T05:06:21+00:00,,low,issue_closed_at_fallback
6663,2024-10-29T14:54:13+00:00,2025-12-21T05:11:16+00:00,,2025-12-21T05:11:16+00:00,,low,issue_closed_at_fallback
7386,2025-02-14T17:53:43+00:00,2025-12-21T06:07:46+00:00,,2025-12-21T06:07:46+00:00,,low,issue_closed_at_fallback
6498,2024-10-07T10:46:38+00:00,2025-12-21T06:08:53+00:00,,2025-12-21T06:08:53+00:00,,low,issue_closed_at_fallback
6499,2024-10-07T10:57:11+00:00,2025-12-21T06:09:10+00:00,,2025-12-21T06:09:10+00:00,,low,issue_closed_at_fallback
7941,2025-05-16T18:30:27+00:00,2025-12-21T06:17:41+00:00,,2025-12-21T06:17:41+00:00,,low,issue_closed_at_fallback
7486,2025-03-09T08:08:12+00:00,2025-12-21T06:26:17+00:00,,2025-12-21T06:26:17+00:00,,low,issue_closed_at_fallback
8199,2025-08-29T00:52:04+00:00,2025-12-21T06:28:51+00:00,,2025-12-21T06:28:51+00:00,,low,issue_closed_at_fallback
8186,2025-08-26T07:41:07+00:00,2025-12-21T06:31:21+00:00,,2025-12-21T06:31:21+00:00,,low,issue_closed_at_fallback
7769,2025-04-17T02:25:55+00:00,2025-12-22T01:50:50+00:00,,2025-12-22T01:50:50+00:00,,low,issue_closed_at_fallback
3338,2023-09-05T03:47:24+00:00,2025-12-22T02:03:25+00:00,,2025-12-22T02:03:25+00:00,,low,issue_closed_at_fallback
7309,2025-02-02T04:09:29+00:00,2025-12-22T02:03:39+00:00,,2025-12-22T02:03:39+00:00,,low,issue_closed_at_fallback
8069,2025-06-16T18:12:42+00:00,2025-12-22T02:04:15+00:00,,2025-12-22T02:04:15+00:00,,low,issue_closed_at_fallback
8343,2025-11-14T17:32:53+00:00,2025-12-22T02:04:37+00:00,,2025-12-22T02:04:37+00:00,,low,issue_closed_at_fallback
7592,2025-03-23T19:58:30+00:00,2025-12-25T06:55:37+00:00,,2025-12-25T06:55:37+00:00,,low,issue_closed_at_fallback
3721,2023-10-18T01:33:03+00:00,2025-12-25T07:29:24+00:00,,2025-12-25T07:29:24+00:00,,low,issue_closed_at_fallback
5635,2024-06-27T00:16:54+00:00,2026-01-13T03:14:54+00:00,,2026-01-13T03:14:54+00:00,,low,issue_closed_at_fallback
7480,2025-03-07T10:43:26+00:00,2026-03-11T08:07:06+00:00,,2026-03-11T08:07:06+00:00,,low,issue_closed_at_fallback
3856,2023-11-01T08:49:48+00:00,2026-03-11T08:16:30+00:00,,2026-03-11T08:16:30+00:00,,low,issue_closed_at_fallback
3434,2023-09-18T22:41:43+00:00,2026-03-13T07:32:51+00:00,,2026-03-13T07:32:51+00:00,,low,issue_closed_at_fallback
8572,2026-03-13T13:32:14+00:00,2026-03-24T05:25:45+00:00,,2026-03-24T05:25:45+00:00,,low,issue_closed_at_fallback
8581,2026-03-16T03:16:45+00:00,2026-03-24T13:54:41+00:00,,2026-03-24T13:54:41+00:00,,low,issue_closed_at_fallback
7729,2025-04-11T08:10:02+00:00,2026-03-30T02:20:15+00:00,,2026-03-30T02:20:15+00:00,,low,issue_closed_at_fallback
8390,2025-12-14T13:52:49+00:00,2026-03-31T08:26:05+00:00,,2026-03-31T08:26:05+00:00,,low,issue_closed_at_fallback
8370,2025-11-29T07:37:16+00:00,2026-03-31T08:30:50+00:00,,2026-03-31T08:30:50+00:00,,low,issue_closed_at_fallback
3483,2023-09-20T15:01:58+00:00,2026-04-01T03:15:52+00:00,,2026-04-01T03:15:52+00:00,,low,issue_closed_at_fallback
5406,2024-05-25T10:23:19+00:00,2026-04-01T03:41:00+00:00,,2026-04-01T03:41:00+00:00,,low,issue_closed_at_fallback
5863,2024-08-02T04:24:17+00:00,2026-04-01T03:43:41+00:00,,2026-04-01T03:43:41+00:00,,low,issue_closed_at_fallback
6724,2024-11-05T07:12:57+00:00,2026-04-01T09:30:39+00:00,,2026-04-01T09:30:39+00:00,,low,issue_closed_at_fallback
5866,2024-08-02T07:54:19+00:00,2026-04-02T03:24:50+00:00,,2026-04-02T03:24:50+00:00,,low,issue_closed_at_fallback
8065,2025-06-15T04:03:52+00:00,2026-04-02T03:25:17+00:00,,2026-04-02T03:25:17+00:00,,low,issue_closed_at_fallback
8570,2026-03-13T13:26:32+00:00,2026-04-07T01:44:40+00:00,,2026-04-07T01:44:40+00:00,,low,issue_closed_at_fallback
8615,2026-04-01T01:51:36+00:00,2026-04-10T07:47:16+00:00,,2026-04-10T07:47:16+00:00,,low,issue_closed_at_fallback
8659,2026-04-11T15:39:10+00:00,2026-04-14T07:11:44+00:00,,2026-04-14T07:11:44+00:00,,low,issue_closed_at_fallback
8610,2026-03-29T11:04:15+00:00,2026-04-15T03:42:20+00:00,,2026-04-15T03:42:20+00:00,,low,issue_closed_at_fallback
8651,2026-04-06T14:11:22+00:00,2026-04-22T02:43:21+00:00,,2026-04-22T02:43:21+00:00,,low,issue_closed_at_fallback
8383,2025-12-08T09:38:32+00:00,2026-05-06T03:40:40+00:00,,2026-05-06T03:40:40+00:00,,low,issue_closed_at_fallback
8441,2026-01-19T21:05:35+00:00,2026-05-07T02:51:44+00:00,,2026-05-07T02:51:44+00:00,,low,issue_closed_at_fallback
7928,2025-05-13T10:46:35+00:00,2026-05-08T03:06:35+00:00,,2026-05-08T03:06:35+00:00,,low,issue_closed_at_fallback
7287,2025-01-25T08:16:59+00:00,2026-05-08T03:10:36+00:00,,2026-05-08T03:10:36+00:00,,low,issue_closed_at_fallback
7325,2025-01-26T10:57:46+00:00,2026-05-08T03:10:47+00:00,,2026-05-08T03:10:47+00:00,,low,issue_closed_at_fallback
6426,2024-09-29T09:51:36+00:00,2026-05-08T03:22:01+00:00,,2026-05-08T03:22:01+00:00,,low,issue_closed_at_fallback
6536,2024-10-13T06:38:30+00:00,2026-05-08T03:45:12+00:00,,2026-05-08T03:45:12+00:00,,low,issue_closed_at_fallback
8687,2026-05-02T15:12:01+00:00,2026-05-08T08:42:17+00:00,,2026-05-08T08:42:17+00:00,,low,issue_closed_at_fallback
