issue_number,issue_created_at,issue_closed_at,fix_commit_sha,recovery_deployment_tag,recovery_deployment_date,recovery_time_days,mapping_confidence
50,2021-11-20T08:27:52+00:00,2021-12-01T12:58:32+00:00,,0.0.3,2022-02-21T02:40:19+00:00,92.75864583333333,low
114,2021-12-02T09:31:11+00:00,2021-12-06T15:01:31+00:00,,0.0.3,2022-02-21T02:40:19+00:00,80.71467592592593,low
106,2021-11-30T13:57:25+00:00,2021-12-06T15:05:02+00:00,,0.0.3,2022-02-21T02:40:19+00:00,82.52979166666667,low
180,2021-12-19T07:05:57+00:00,2021-12-19T20:08:07+00:00,,0.0.3,2022-02-21T02:40:19+00:00,63.81553240740741,low
153,2021-12-14T13:27:39+00:00,2021-12-23T03:41:19+00:00,7270c578e9e146971ff4e7ff6748a7fd96c59cc1,0.0.3,2022-02-21T02:40:19+00:00,68.55046296296297,medium
196,2021-12-23T18:17:58+00:00,2022-01-03T11:50:31+00:00,,0.0.3,2022-02-21T02:40:19+00:00,59.34885416666667,low
354,2022-02-20T00:49:26+00:00,2022-02-24T03:58:33+00:00,,0.0.4,2022-06-06T13:06:37+00:00,106.51193287037037,low
369,2022-02-22T08:38:57+00:00,2022-02-25T01:48:48+00:00,f8f77db79b0854a903d4bce5ef2a86b174f0cd9e,0.0.4,2022-06-06T13:06:37+00:00,104.18587962962962,high
143,2021-12-13T22:27:52+00:00,2022-04-12T08:16:07+00:00,30891806309452b6ece9e6b42764d8d7d3ca715c,0.0.4,2022-06-06T13:06:37+00:00,174.61024305555554,high
509,2022-05-26T09:58:51+00:00,2022-05-30T10:42:18+00:00,,0.0.4,2022-06-06T13:06:37+00:00,11.130393518518519,low
508,2022-05-26T09:33:18+00:00,2022-05-30T10:42:48+00:00,,0.0.4,2022-06-06T13:06:37+00:00,11.148136574074075,low
502,2022-05-19T21:15:11+00:00,2022-06-04T06:09:09+00:00,,0.0.4,2022-06-06T13:06:37+00:00,17.660717592592594,low
482,2022-05-04T14:18:45+00:00,2022-06-09T01:27:43+00:00,,0.0.5,2022-09-08T06:56:56+00:00,126.69318287037036,low
471,2022-04-29T19:22:22+00:00,2022-06-11T18:42:49+00:00,,0.0.5,2022-09-08T06:56:56+00:00,131.48233796296296,low
595,2022-07-06T14:13:25+00:00,2022-07-11T02:56:10+00:00,,0.0.5,2022-09-08T06:56:56+00:00,63.69688657407407,low
11,2021-11-16T06:59:51+00:00,2022-07-28T14:17:21+00:00,,0.0.5,2022-09-08T06:56:56+00:00,295.997974537037,low
811,2022-08-11T03:31:24+00:00,2022-08-11T11:08:31+00:00,,0.0.5,2022-09-08T06:56:56+00:00,28.14273148148148,low
814,2022-08-11T03:58:02+00:00,2022-08-11T11:08:32+00:00,,0.0.5,2022-09-08T06:56:56+00:00,28.12423611111111,low
827,2022-08-11T12:14:06+00:00,2022-08-11T14:36:07+00:00,,0.0.5,2022-09-08T06:56:56+00:00,27.77974537037037,low
832,2022-08-12T05:40:17+00:00,2022-08-12T06:49:15+00:00,,0.0.5,2022-09-08T06:56:56+00:00,27.053229166666668,low
889,2022-08-22T12:12:23+00:00,2022-08-23T05:14:27+00:00,,0.0.5,2022-09-08T06:56:56+00:00,16.7809375,low
918,2022-08-26T03:51:24+00:00,2022-08-29T11:30:01+00:00,,0.0.5,2022-09-08T06:56:56+00:00,13.128842592592592,low
937,2022-08-30T09:19:26+00:00,2022-08-31T01:38:12+00:00,,0.0.5,2022-09-08T06:56:56+00:00,8.901041666666666,low
948,2022-08-31T01:42:46+00:00,2022-08-31T07:09:29+00:00,,0.0.5,2022-09-08T06:56:56+00:00,8.218171296296296,low
1047,2022-09-14T13:11:06+00:00,2022-09-16T13:13:08+00:00,,0.0.6,2022-10-23T14:17:27+00:00,39.04607638888889,low
1056,2022-09-15T13:56:20+00:00,2022-09-16T13:13:25+00:00,,0.0.6,2022-10-23T14:17:27+00:00,38.01466435185185,low
796,2022-08-09T05:38:47+00:00,2022-09-21T12:06:50+00:00,4e0b9c87e275b8f878ea060e2b0718ef513706b6,0.0.6,2022-10-23T14:17:27+00:00,75.36018518518519,medium
1135,2022-09-23T01:14:54+00:00,2022-09-24T14:04:21+00:00,6fa79b65f608477835dc8325051574496e9bc29d,0.0.6,2022-10-23T14:17:27+00:00,30.5434375,medium
1129,2022-09-22T12:47:32+00:00,2022-09-25T02:58:15+00:00,cd183b569aae53c26232206f2531021578ad24a3,0.0.6,2022-10-23T14:17:27+00:00,31.06244212962963,medium
1126,2022-09-22T07:35:24+00:00,2022-09-25T07:28:34+00:00,a4b08e4f46d45a21a04bd0ada572fc5cae4596be,0.0.6,2022-10-23T14:17:27+00:00,31.27920138888889,medium
856,2022-08-15T16:47:20+00:00,2022-09-26T07:01:34+00:00,02fd2bc427d30cc2777021c12718157a101422f8,0.0.6,2022-10-23T14:17:27+00:00,68.89591435185186,medium
1193,2022-09-28T21:42:54+00:00,2022-10-07T07:14:54+00:00,,0.0.6,2022-10-23T14:17:27+00:00,24.69065972222222,low
1206,2022-10-02T12:05:34+00:00,2022-10-08T09:09:59+00:00,ca8be6ab10e6b755b3a8d7fa90af3976f481cf1d,0.0.6,2022-10-23T14:17:27+00:00,21.091585648148147,medium
1151,2022-09-24T13:02:33+00:00,2022-10-14T08:09:41+00:00,f53c2567fcac75e2dc3c07294e6f11d95424563e,0.0.6,2022-10-23T14:17:27+00:00,29.05201388888889,medium
1306,2022-10-17T08:35:04+00:00,2022-10-17T14:02:06+00:00,,0.0.6,2022-10-23T14:17:27+00:00,6.237766203703703,low
1296,2022-10-17T07:22:14+00:00,2022-10-19T01:13:44+00:00,,0.0.6,2022-10-23T14:17:27+00:00,6.288344907407407,low
1298,2022-10-17T07:39:28+00:00,2022-10-21T01:48:56+00:00,bf1d4b923a7d470bccf6b09fa37a4eaa7ac4ad52,0.0.6,2022-10-23T14:17:27+00:00,6.276377314814815,medium
1081,2022-09-17T19:59:20+00:00,2022-10-23T10:11:50+00:00,,0.0.6,2022-10-23T14:17:27+00:00,35.76258101851852,low
1330,2022-10-21T09:40:54+00:00,2022-10-25T03:25:12+00:00,,0.0.7,2022-11-28T11:54:26+00:00,38.09273148148148,low
1325,2022-10-21T09:06:36+00:00,2022-10-25T06:34:34+00:00,,0.0.7,2022-11-28T11:54:26+00:00,38.11655092592593,low
1351,2022-10-24T19:26:39+00:00,2022-10-26T07:00:25+00:00,,0.0.7,2022-11-28T11:54:26+00:00,34.685960648148146,low
1345,2022-10-23T18:41:01+00:00,2022-11-01T13:01:37+00:00,cd8e4ddf00d5fae0e74c3ad3902a575a6abc9866,0.0.7,2022-11-28T11:54:26+00:00,35.717650462962965,medium
1368,2022-10-26T01:34:44+00:00,2022-11-07T09:36:45+00:00,,0.0.7,2022-11-28T11:54:26+00:00,33.430347222222224,low
1413,2022-11-03T13:47:50+00:00,2022-11-07T12:21:00+00:00,,0.0.7,2022-11-28T11:54:26+00:00,24.92125,low
1035,2022-09-12T14:55:44+00:00,2022-11-09T03:44:17+00:00,,0.0.7,2022-11-28T11:54:26+00:00,76.87409722222222,low
1276,2022-10-13T16:20:29+00:00,2022-11-09T04:05:15+00:00,,0.0.7,2022-11-28T11:54:26+00:00,45.815243055555555,low
812,2022-08-11T03:34:39+00:00,2022-11-09T07:37:27+00:00,,0.0.7,2022-11-28T11:54:26+00:00,109.34707175925926,low
894,2022-08-23T12:10:49+00:00,2022-11-12T08:20:50+00:00,,0.0.7,2022-11-28T11:54:26+00:00,96.98862268518519,low
816,2022-08-11T04:29:17+00:00,2022-11-14T03:47:09+00:00,,0.0.7,2022-11-28T11:54:26+00:00,109.30913194444445,low
1445,2022-11-12T11:57:17+00:00,2022-11-17T07:12:00+00:00,,0.0.7,2022-11-28T11:54:26+00:00,15.998020833333333,low
545,2022-06-08T13:46:31+00:00,2022-11-25T08:25:44+00:00,,0.0.7,2022-11-28T11:54:26+00:00,172.92216435185185,low
1480,2022-11-24T10:28:50+00:00,2022-11-29T07:07:15+00:00,,0.0.8,2022-11-30T09:36:43+00:00,5.9638078703703705,low
1292,2022-10-17T02:48:07+00:00,2022-11-30T12:51:57+00:00,,0.0.9,2022-12-21T06:06:05+00:00,65.13747685185186,low
1297,2022-10-17T07:31:20+00:00,2022-11-30T12:54:11+00:00,,0.0.9,2022-12-21T06:06:05+00:00,64.9407986111111,low
1526,2022-12-04T07:38:56+00:00,2022-12-05T01:54:48+00:00,0d879a60910b151af4491ad51fef715c3659924f,0.0.9,2022-12-21T06:06:05+00:00,16.93552083333333,medium
1525,2022-12-04T07:19:18+00:00,2022-12-05T01:55:12+00:00,,0.0.9,2022-12-21T06:06:05+00:00,16.949155092592594,low
1527,2022-12-04T07:58:49+00:00,2022-12-05T01:55:22+00:00,,0.0.9,2022-12-21T06:06:05+00:00,16.921712962962964,low
1498,2022-11-28T11:42:04+00:00,2022-12-05T07:17:45+00:00,,0.0.9,2022-12-21T06:06:05+00:00,22.76667824074074,low
1406,2022-10-31T16:12:21+00:00,2022-12-08T08:14:13+00:00,,0.0.9,2022-12-21T06:06:05+00:00,50.578981481481485,low
1586,2022-12-19T22:17:22+00:00,2022-12-20T01:57:19+00:00,079fab611894bc918af2104a3b2682b3f7a329e3,0.0.9,2022-12-21T06:06:05+00:00,1.3254976851851852,medium
65,2021-11-21T15:05:54+00:00,2022-12-31T02:59:40+00:00,,0.1.0,2023-02-09T04:40:26+00:00,444.56564814814817,low
1434,2022-11-10T13:19:08+00:00,2023-01-04T05:48:01+00:00,,0.1.0,2023-02-09T04:40:26+00:00,90.63979166666667,low
1571,2022-12-14T06:51:10+00:00,2023-01-04T23:50:41+00:00,,0.1.0,2023-02-09T04:40:26+00:00,56.90921296296296,low
1603,2022-12-22T14:56:00+00:00,2023-01-07T02:19:54+00:00,,0.1.0,2023-02-09T04:40:26+00:00,48.57252314814815,low
1628,2023-01-01T09:44:21+00:00,2023-01-07T15:31:28+00:00,,0.1.0,2023-02-09T04:40:26+00:00,38.78894675925926,low
1543,2022-12-06T15:16:42+00:00,2023-01-27T02:35:18+00:00,243a781b6cf905f44c1a803a803f31ba624e0e81,0.1.0,2023-02-09T04:40:26+00:00,64.55814814814815,medium
1763,2023-01-30T11:13:42+00:00,2023-01-31T05:55:19+00:00,,0.1.0,2023-02-09T04:40:26+00:00,9.726898148148148,low
1799,2023-02-04T07:22:58+00:00,2023-02-06T07:12:07+00:00,,0.1.0,2023-02-09T04:40:26+00:00,4.88712962962963,low
762,2022-08-03T13:37:28+00:00,2023-02-09T06:42:20+00:00,6b8c7d7bc61cc3331e57249ab2fc5da4d9d8ff7e,0.1.1,2023-03-22T05:13:06+00:00,230.64974537037037,high
1559,2022-12-09T16:41:52+00:00,2023-02-09T06:42:21+00:00,6b8c7d7bc61cc3331e57249ab2fc5da4d9d8ff7e,0.1.1,2023-03-22T05:13:06+00:00,102.52168981481482,high
1365,2022-10-25T16:08:44+00:00,2023-02-09T12:24:45+00:00,72768a2f773595562ad9536b48f36251d96a5f3c,0.1.1,2023-03-22T05:13:06+00:00,147.54469907407406,medium
1936,2023-03-08T00:54:20+00:00,2023-03-10T02:42:18+00:00,,0.1.1,2023-03-22T05:13:06+00:00,14.179699074074074,low
1324,2022-10-21T08:59:47+00:00,2023-03-10T03:25:48+00:00,40c23b7c7d585dc47a9e3b90dbb53e154ff65686,0.1.1,2023-03-22T05:13:06+00:00,151.84258101851853,medium
1942,2023-03-08T15:18:45+00:00,2023-03-10T09:33:27+00:00,688d55e00fea42a9ccfd10e43cc00487f7747e76,0.1.1,2023-03-22T05:13:06+00:00,13.579409722222222,medium
1916,2023-03-03T12:43:17+00:00,2023-03-11T13:15:36+00:00,972ef2149c99fd291e28602c45c36613b0fd0214,0.1.1,2023-03-22T05:13:06+00:00,18.687372685185185,medium
1976,2023-03-12T07:20:23+00:00,2023-03-13T17:06:11+00:00,,0.1.1,2023-03-22T05:13:06+00:00,9.911608796296296,low
1973,2023-03-12T06:56:56+00:00,2023-03-13T17:06:13+00:00,,0.1.1,2023-03-22T05:13:06+00:00,9.927893518518518,low
1967,2023-03-12T03:45:33+00:00,2023-03-13T17:06:17+00:00,,0.1.1,2023-03-22T05:13:06+00:00,10.06079861111111,low
1860,2023-02-15T06:10:18+00:00,2023-03-14T02:07:15+00:00,,0.1.1,2023-03-22T05:13:06+00:00,34.960277777777776,low
1968,2023-03-12T03:50:38+00:00,2023-03-14T09:18:52+00:00,,0.1.1,2023-03-22T05:13:06+00:00,10.05726851851852,low
1997,2023-03-15T06:37:36+00:00,2023-03-16T01:51:31+00:00,,0.1.1,2023-03-22T05:13:06+00:00,6.941319444444445,low
1299,2022-10-17T07:46:28+00:00,2023-03-20T13:29:54+00:00,,0.1.1,2023-03-22T05:13:06+00:00,155.89349537037037,low
1472,2022-11-21T09:30:16+00:00,2023-03-23T05:54:08+00:00,,0.1.2,2023-03-29T07:56:05+00:00,127.9345949074074,low
2092,2023-03-23T12:32:54+00:00,2023-03-27T02:20:03+00:00,f9a1cb26233eeb7d80a6354913dc68ed279d2975,0.1.3,2023-04-24T08:29:16+00:00,31.830810185185186,medium
1871,2023-02-18T12:14:35+00:00,2023-03-27T04:47:43+00:00,,0.1.2,2023-03-29T07:56:05+00:00,38.82048611111111,low
2067,2023-03-21T09:51:12+00:00,2023-03-27T04:48:09+00:00,,0.1.2,2023-03-29T07:56:05+00:00,7.92005787037037,low
2098,2023-03-23T17:47:28+00:00,2023-03-27T08:57:22+00:00,,0.1.2,2023-03-29T07:56:05+00:00,5.58931712962963,low
2139,2023-03-29T15:10:30+00:00,2023-03-30T19:38:59+00:00,b126e1f0b4c0516aaf25993dab8b45581a987c19,0.1.3,2023-04-24T08:29:16+00:00,25.72136574074074,low
2147,2023-03-30T17:21:32+00:00,2023-03-31T02:10:12+00:00,9fff00f731ae855a79df2f2d3e0e62c200e5c317,0.1.3,2023-04-24T08:29:16+00:00,24.630370370370372,medium
2074,2023-03-22T03:04:03+00:00,2023-03-31T02:51:08+00:00,,0.1.3,2023-04-24T08:29:16+00:00,33.22584490740741,low
2105,2023-03-24T20:27:42+00:00,2023-04-03T02:58:01+00:00,,0.1.3,2023-04-24T08:29:16+00:00,30.501087962962963,low
1969,2023-03-12T06:41:36+00:00,2023-04-03T13:25:49+00:00,,0.1.3,2023-04-24T08:29:16+00:00,43.07476851851852,low
2095,2023-03-23T14:45:30+00:00,2023-04-03T13:28:30+00:00,,0.1.3,2023-04-24T08:29:16+00:00,31.73872685185185,low
2200,2023-04-05T19:58:06+00:00,2023-04-06T21:50:41+00:00,,0.1.3,2023-04-24T08:29:16+00:00,18.52164351851852,low
2285,2023-04-17T13:14:49+00:00,2023-04-18T06:42:16+00:00,,0.1.3,2023-04-24T08:29:16+00:00,6.801701388888889,low
433,2022-04-06T21:03:42+00:00,2023-04-19T11:04:09+00:00,,0.1.3,2023-04-24T08:29:16+00:00,382.47608796296294,low
2275,2023-04-17T12:40:55+00:00,2023-04-21T04:47:09+00:00,,0.1.3,2023-04-24T08:29:16+00:00,6.825243055555555,low
2171,2023-04-03T08:28:38+00:00,2023-04-24T02:17:10+00:00,,0.1.3,2023-04-24T08:29:16+00:00,21.000439814814815,low
2102,2023-03-24T07:54:55+00:00,2023-04-24T02:21:34+00:00,9e4760336013eb6efcb47e976a49b189bf1f1857,0.1.4,2023-05-04T12:06:12+00:00,41.174502314814816,medium
2283,2023-04-17T13:06:30+00:00,2023-04-24T14:05:16+00:00,,0.1.4,2023-05-04T12:06:12+00:00,16.958125,low
2071,2023-03-21T13:55:34+00:00,2023-04-24T14:21:30+00:00,,0.1.4,2023-05-04T12:06:12+00:00,43.924050925925926,low
2195,2023-04-05T05:28:17+00:00,2023-04-25T12:02:06+00:00,857cd9ff55b16d25bf2ff631290ed23175e8ef96,0.1.4,2023-05-04T12:06:12+00:00,29.27633101851852,medium
2284,2023-04-17T13:10:37+00:00,2023-04-27T21:17:42+00:00,,0.1.4,2023-05-04T12:06:12+00:00,16.955266203703705,low
1575,2022-12-15T14:14:17+00:00,2023-04-28T03:35:53+00:00,,0.1.4,2023-05-04T12:06:12+00:00,139.91105324074073,low
2357,2023-04-26T02:31:04+00:00,2023-04-28T14:12:37+00:00,,0.1.4,2023-05-04T12:06:12+00:00,8.399398148148148,low
2240,2023-04-11T09:28:05+00:00,2023-04-29T08:38:04+00:00,,0.1.4,2023-05-04T12:06:12+00:00,23.109803240740742,low
2385,2023-04-28T13:06:31+00:00,2023-04-30T03:09:22+00:00,,0.1.4,2023-05-04T12:06:12+00:00,5.958113425925926,low
2387,2023-04-28T13:16:08+00:00,2023-04-30T11:58:02+00:00,,0.1.4,2023-05-04T12:06:12+00:00,5.951435185185185,low
2368,2023-04-27T13:46:06+00:00,2023-04-30T20:53:58+00:00,,0.1.4,2023-05-04T12:06:12+00:00,6.930625,low
2042,2023-03-20T16:40:35+00:00,2023-05-01T14:55:11+00:00,,0.1.4,2023-05-04T12:06:12+00:00,44.80945601851852,low
2043,2023-03-20T17:21:12+00:00,2023-05-01T15:11:54+00:00,,0.1.4,2023-05-04T12:06:12+00:00,44.78125,low
2403,2023-05-01T04:34:06+00:00,2023-05-03T02:12:31+00:00,,0.1.4,2023-05-04T12:06:12+00:00,3.3139583333333333,low
2405,2023-05-01T04:48:08+00:00,2023-05-03T05:05:11+00:00,c320f6ef8a5d099002877e54958510de52d528f2,0.1.4,2023-05-04T12:06:12+00:00,3.304212962962963,medium
2066,2023-03-21T08:54:29+00:00,2023-05-03T05:05:12+00:00,c320f6ef8a5d099002877e54958510de52d528f2,0.1.4,2023-05-04T12:06:12+00:00,44.13313657407407,medium
2238,2023-04-11T09:19:00+00:00,2023-05-03T05:05:12+00:00,c320f6ef8a5d099002877e54958510de52d528f2,0.1.4,2023-05-04T12:06:12+00:00,23.11611111111111,medium
2410,2023-05-01T07:26:35+00:00,2023-05-03T06:43:51+00:00,,0.1.4,2023-05-04T12:06:12+00:00,3.1941782407407406,low
2058,2023-03-21T03:55:31+00:00,2023-05-03T07:43:51+00:00,,0.1.4,2023-05-04T12:06:12+00:00,44.340752314814814,low
2335,2023-04-23T13:55:05+00:00,2023-05-03T20:33:55+00:00,,0.1.4,2023-05-04T12:06:12+00:00,10.924386574074074,low
2440,2023-05-03T06:27:26+00:00,2023-05-04T04:41:51+00:00,,0.1.4,2023-05-04T12:06:12+00:00,1.2352546296296296,low
2340,2023-04-24T08:41:40+00:00,2023-05-04T07:35:11+00:00,,0.1.4,2023-05-04T12:06:12+00:00,10.142037037037037,low
2354,2023-04-25T15:04:08+00:00,2023-05-04T07:36:43+00:00,,0.1.4,2023-05-04T12:06:12+00:00,8.876435185185185,low
2458,2023-05-05T01:46:24+00:00,2023-05-07T06:58:36+00:00,,0.1.5,2023-05-11T11:27:50+00:00,6.403773148148148,low
2466,2023-05-06T07:12:51+00:00,2023-05-08T01:51:22+00:00,6731037a8c77502172c0ad23eda2c51e47befa34,0.1.5,2023-05-11T11:27:50+00:00,5.17707175925926,medium
2473,2023-05-08T04:57:32+00:00,2023-05-08T05:39:03+00:00,,0.1.5,2023-05-11T11:27:50+00:00,3.2710416666666666,low
2469,2023-05-06T11:49:22+00:00,2023-05-11T11:04:40+00:00,,0.1.5,2023-05-11T11:27:50+00:00,4.9850462962962965,low
2497,2023-05-10T11:25:05+00:00,2023-05-12T08:04:44+00:00,,0.1.6,2023-05-31T08:41:08+00:00,20.886145833333334,low
2517,2023-05-12T13:22:25+00:00,2023-05-15T02:59:36+00:00,a993a2a181b9e4013b8de23ce79231f9eb67cd4d,0.1.6,2023-05-31T08:41:08+00:00,18.80466435185185,medium
570,2022-06-20T10:59:42+00:00,2023-05-15T22:34:58+00:00,,0.1.6,2023-05-31T08:41:08+00:00,344.90377314814816,low
530,2022-06-03T06:39:46+00:00,2023-05-15T22:36:05+00:00,,0.1.6,2023-05-31T08:41:08+00:00,362.0842824074074,low
1029,2022-09-11T13:03:38+00:00,2023-05-16T12:19:44+00:00,,0.1.6,2023-05-31T08:41:08+00:00,261.8177083333333,low
2527,2023-05-14T06:25:13+00:00,2023-05-17T08:57:19+00:00,,0.1.6,2023-05-31T08:41:08+00:00,17.094386574074075,low
2041,2023-03-20T14:30:36+00:00,2023-05-19T11:42:08+00:00,,0.1.6,2023-05-31T08:41:08+00:00,71.75731481481482,low
2477,2023-05-08T09:29:45+00:00,2023-05-19T12:00:27+00:00,,0.1.6,2023-05-31T08:41:08+00:00,22.966238425925926,low
2597,2023-05-23T05:35:21+00:00,2023-05-29T07:23:26+00:00,,0.1.6,2023-05-31T08:41:08+00:00,8.129016203703705,low
2634,2023-05-26T14:08:31+00:00,2023-05-29T23:56:49+00:00,,0.1.6,2023-05-31T08:41:08+00:00,4.772650462962963,low
2586,2023-05-23T03:17:33+00:00,2023-05-29T23:57:50+00:00,,0.1.6,2023-05-31T08:41:08+00:00,8.224710648148148,low
2451,2023-05-03T12:45:22+00:00,2023-05-29T23:58:28+00:00,,0.1.6,2023-05-31T08:41:08+00:00,27.83039351851852,low
2588,2023-05-23T03:29:56+00:00,2023-05-29T23:58:39+00:00,,0.1.6,2023-05-31T08:41:08+00:00,8.216111111111111,low
2587,2023-05-23T03:23:21+00:00,2023-05-29T23:58:47+00:00,,0.1.6,2023-05-31T08:41:08+00:00,8.22068287037037,low
2534,2023-05-14T20:45:00+00:00,2023-05-30T03:11:19+00:00,eaa1dcdeb996632efea131754c69b371a5282564,0.2.0,2023-06-08T08:19:28+00:00,24.48226851851852,medium
2644,2023-05-29T06:52:57+00:00,2023-05-30T03:12:33+00:00,65a910291bfde81b806c9b9f448799539910afe8,0.2.0,2023-06-08T08:19:28+00:00,10.060081018518519,medium
2661,2023-05-30T05:02:06+00:00,2023-05-30T05:02:25+00:00,,0.1.6,2023-05-31T08:41:08+00:00,1.1521064814814814,low
2652,2023-05-29T13:14:57+00:00,2023-05-31T07:42:23+00:00,,0.1.6,2023-05-31T08:41:08+00:00,1.809849537037037,low
2400,2023-05-01T02:45:46+00:00,2023-05-31T11:54:48+00:00,,0.2.0,2023-06-08T08:19:28+00:00,38.23173611111111,low
2401,2023-05-01T02:56:52+00:00,2023-06-02T11:33:45+00:00,,0.2.0,2023-06-08T08:19:28+00:00,38.22402777777778,low
2406,2023-05-01T06:31:38+00:00,2023-06-02T11:35:59+00:00,,0.2.0,2023-06-08T08:19:28+00:00,38.07488425925926,low
2569,2023-05-20T07:47:55+00:00,2023-06-03T08:02:36+00:00,80f08d4bec88c27f6afe044d21321fb083521ab1,0.2.0,2023-06-08T08:19:28+00:00,19.021909722222222,medium
2539,2023-05-15T17:13:01+00:00,2023-06-03T08:08:22+00:00,,0.2.0,2023-06-08T08:19:28+00:00,23.629479166666666,low
2643,2023-05-29T06:45:44+00:00,2023-06-04T02:36:22+00:00,edd58ede4539a2725b07b9b9d1c414752fa84d6a,0.2.0,2023-06-08T08:19:28+00:00,10.065092592592592,medium
1974,2023-03-12T07:04:23+00:00,2023-06-05T06:41:30+00:00,,0.2.0,2023-06-08T08:19:28+00:00,88.0521412037037,low
2500,2023-05-10T14:23:48+00:00,2023-06-05T07:32:43+00:00,,0.2.0,2023-06-08T08:19:28+00:00,28.746990740740742,low
2137,2023-03-29T13:15:38+00:00,2023-06-05T11:39:13+00:00,,0.2.0,2023-06-08T08:19:28+00:00,70.7943287037037,low
2658,2023-05-30T04:48:49+00:00,2023-06-05T11:44:07+00:00,,0.2.0,2023-06-08T08:19:28+00:00,9.146284722222223,low
2662,2023-05-30T05:04:53+00:00,2023-06-05T11:44:50+00:00,,0.2.0,2023-06-08T08:19:28+00:00,9.135127314814815,low
2679,2023-06-01T12:44:22+00:00,2023-06-05T12:19:35+00:00,,0.2.0,2023-06-08T08:19:28+00:00,6.816041666666667,low
2438,2023-05-03T05:27:00+00:00,2023-06-06T03:58:57+00:00,,0.2.0,2023-06-08T08:19:28+00:00,36.11976851851852,low
2690,2023-06-03T05:06:41+00:00,2023-06-07T04:17:19+00:00,,0.2.0,2023-06-08T08:19:28+00:00,5.133877314814815,low
2633,2023-05-26T14:02:29+00:00,2023-06-07T04:56:19+00:00,,0.2.0,2023-06-08T08:19:28+00:00,12.761793981481482,low
2498,2023-05-10T11:58:57+00:00,2023-06-08T07:54:19+00:00,80f08d4bec88c27f6afe044d21321fb083521ab1,0.2.0,2023-06-08T08:19:28+00:00,28.847581018518518,medium
2531,2023-05-14T15:13:56+00:00,2023-06-08T09:07:01+00:00,,0.2.1,2023-06-11T09:02:48+00:00,27.742268518518518,low
2735,2023-06-07T16:48:28+00:00,2023-06-09T09:41:45+00:00,,0.2.1,2023-06-11T09:02:48+00:00,3.67662037037037,low
2739,2023-06-08T05:14:54+00:00,2023-06-09T09:58:07+00:00,,0.2.1,2023-06-11T09:02:48+00:00,3.158263888888889,low
2716,2023-06-05T12:52:17+00:00,2023-06-09T10:00:03+00:00,,0.2.1,2023-06-11T09:02:48+00:00,5.840636574074074,low
2660,2023-05-30T04:58:42+00:00,2023-06-09T10:00:50+00:00,,0.2.1,2023-06-11T09:02:48+00:00,12.169513888888888,low
2732,2023-06-07T08:15:15+00:00,2023-06-09T10:03:26+00:00,,0.2.1,2023-06-11T09:02:48+00:00,4.0330208333333335,low
2746,2023-06-09T09:32:00+00:00,2023-06-10T07:00:04+00:00,,0.2.1,2023-06-11T09:02:48+00:00,1.9797222222222222,low
2738,2023-06-08T05:12:09+00:00,2023-06-10T08:28:02+00:00,,0.2.1,2023-06-11T09:02:48+00:00,3.160173611111111,low
2465,2023-05-06T07:12:33+00:00,2023-06-12T03:22:06+00:00,,0.2.2,2023-06-15T10:56:06+00:00,40.15524305555556,low
2470,2023-05-07T08:28:18+00:00,2023-06-12T08:05:06+00:00,,0.2.2,2023-06-15T10:56:06+00:00,39.10263888888889,low
2467,2023-05-06T07:53:09+00:00,2023-06-12T08:15:31+00:00,,0.2.2,2023-06-15T10:56:06+00:00,40.127048611111114,low
2322,2023-04-23T06:15:56+00:00,2023-06-12T08:18:13+00:00,,0.2.2,2023-06-15T10:56:06+00:00,53.19456018518518,low
2684,2023-06-02T06:03:09+00:00,2023-06-12T09:11:38+00:00,,0.2.2,2023-06-15T10:56:06+00:00,13.2034375,low
1514,2022-11-30T12:13:32+00:00,2023-06-12T10:30:00+00:00,,0.2.2,2023-06-15T10:56:06+00:00,196.94622685185186,low
144,2021-12-13T22:38:35+00:00,2023-06-12T11:33:22+00:00,,0.2.2,2023-06-15T10:56:06+00:00,548.5121643518519,low
1416,2022-11-05T11:38:03+00:00,2023-06-12T12:04:50+00:00,,0.2.2,2023-06-15T10:56:06+00:00,221.97086805555554,low
1389,2022-10-28T13:02:05+00:00,2023-06-12T12:06:33+00:00,,0.2.2,2023-06-15T10:56:06+00:00,229.91251157407407,low
1711,2023-01-15T11:08:44+00:00,2023-06-12T12:11:28+00:00,,0.2.2,2023-06-15T10:56:06+00:00,150.99122685185185,low
1307,2022-10-17T09:38:15+00:00,2023-06-12T12:20:53+00:00,,0.2.2,2023-06-15T10:56:06+00:00,241.0540625,low
2358,2023-04-26T02:46:19+00:00,2023-06-12T12:34:37+00:00,,0.2.2,2023-06-15T10:56:06+00:00,50.340127314814815,low
2152,2023-03-31T00:48:35+00:00,2023-06-12T12:35:23+00:00,,0.2.2,2023-06-15T10:56:06+00:00,76.42188657407408,low
2302,2023-04-20T09:40:27+00:00,2023-06-13T04:12:57+00:00,,0.2.2,2023-06-15T10:56:06+00:00,56.05253472222222,low
2589,2023-05-23T03:35:06+00:00,2023-06-13T04:24:40+00:00,,0.2.2,2023-06-15T10:56:06+00:00,23.30625,low
2571,2023-05-20T12:49:21+00:00,2023-06-13T04:26:44+00:00,,0.2.2,2023-06-15T10:56:06+00:00,25.921354166666667,low
2363,2023-04-26T21:52:35+00:00,2023-06-13T04:32:38+00:00,,0.2.2,2023-06-15T10:56:06+00:00,49.5441087962963,low
2364,2023-04-27T04:18:59+00:00,2023-06-13T04:33:25+00:00,,0.2.2,2023-06-15T10:56:06+00:00,49.27577546296296,low
2036,2023-03-20T11:47:54+00:00,2023-06-13T06:35:51+00:00,,0.2.2,2023-06-15T10:56:06+00:00,86.96402777777777,low
1950,2023-03-09T16:54:01+00:00,2023-06-13T06:38:01+00:00,,0.2.2,2023-06-15T10:56:06+00:00,97.75144675925925,low
1713,2023-01-15T19:55:09+00:00,2023-06-13T06:48:58+00:00,,0.2.2,2023-06-15T10:56:06+00:00,150.62565972222222,low
1326,2022-10-21T09:19:42+00:00,2023-06-13T07:00:52+00:00,,0.2.2,2023-06-15T10:56:06+00:00,237.06694444444443,low
591,2022-07-05T14:04:20+00:00,2023-06-13T07:10:11+00:00,,0.2.2,2023-06-15T10:56:06+00:00,344.8692824074074,low
1148,2022-09-24T06:36:49+00:00,2023-06-13T07:22:27+00:00,,0.2.2,2023-06-15T10:56:06+00:00,264.1800578703704,low
370,2022-02-22T17:23:56+00:00,2023-06-13T07:29:29+00:00,,0.2.2,2023-06-15T10:56:06+00:00,477.7306712962963,low
2761,2023-06-11T06:01:57+00:00,2023-06-16T07:32:30+00:00,efc857d752acf175197a71446198fd784de7548b,0.2.3,2023-06-21T12:09:48+00:00,10.255451388888888,medium
2399,2023-05-01T02:33:31+00:00,2023-06-18T05:09:10+00:00,,0.2.3,2023-06-21T12:09:48+00:00,51.40019675925926,low
2819,2023-06-15T19:01:25+00:00,2023-06-20T03:52:01+00:00,,0.2.3,2023-06-21T12:09:48+00:00,5.714155092592593,low
2840,2023-06-19T07:05:28+00:00,2023-06-20T15:55:17+00:00,,0.2.3,2023-06-21T12:09:48+00:00,2.2113425925925925,low
2818,2023-06-15T12:56:39+00:00,2023-06-21T07:16:46+00:00,,0.2.3,2023-06-21T12:09:48+00:00,5.9674652777777775,low
2680,2023-06-01T13:06:07+00:00,2023-06-21T21:35:20+00:00,,0.2.4,2023-06-23T07:37:46+00:00,21.771979166666668,low
2794,2023-06-13T18:35:20+00:00,2023-06-22T08:58:05+00:00,,0.2.4,2023-06-23T07:37:46+00:00,9.543356481481482,low
2765,2023-06-11T08:54:23+00:00,2023-06-22T08:58:08+00:00,,0.2.4,2023-06-23T07:37:46+00:00,11.946793981481482,low
2852,2023-06-20T08:59:24+00:00,2023-06-23T12:23:35+00:00,,0.2.5,2023-07-02T07:16:36+00:00,11.928611111111111,low
2839,2023-06-19T07:02:32+00:00,2023-06-23T12:24:48+00:00,,0.2.5,2023-07-02T07:16:36+00:00,13.009768518518518,low
2843,2023-06-19T13:51:43+00:00,2023-06-23T12:26:16+00:00,,0.2.5,2023-07-02T07:16:36+00:00,12.725613425925927,low
2807,2023-06-15T09:11:38+00:00,2023-06-23T12:28:18+00:00,,0.2.5,2023-07-02T07:16:36+00:00,16.92011574074074,low
2873,2023-06-21T10:06:57+00:00,2023-06-23T12:53:53+00:00,,0.2.5,2023-07-02T07:16:36+00:00,10.881701388888889,low
2916,2023-06-30T08:34:54+00:00,2023-07-04T03:02:09+00:00,,0.2.6,2023-07-11T11:54:40+00:00,11.138726851851851,low
2893,2023-06-24T05:53:55+00:00,2023-07-04T13:17:06+00:00,,0.2.6,2023-07-11T11:54:40+00:00,17.250520833333333,low
2593,2023-05-23T05:25:06+00:00,2023-07-10T04:26:29+00:00,,0.2.6,2023-07-11T11:54:40+00:00,49.27053240740741,low
2233,2023-04-11T05:45:42+00:00,2023-07-11T13:57:34+00:00,,0.2.7,2023-07-18T12:10:09+00:00,98.26697916666667,low
2281,2023-04-17T13:00:02+00:00,2023-07-11T13:58:11+00:00,,0.2.7,2023-07-18T12:10:09+00:00,91.9653587962963,low
335,2022-02-14T18:51:27+00:00,2023-07-11T15:06:18+00:00,,0.2.7,2023-07-18T12:10:09+00:00,518.7213194444445,low
2980,2023-07-11T14:21:32+00:00,2023-07-12T02:07:27+00:00,,0.2.7,2023-07-18T12:10:09+00:00,6.908761574074074,low
2637,2023-05-27T10:40:28+00:00,2023-07-12T09:30:39+00:00,d0747afbf2bcea901d1096250177e89684ce394c,0.2.7,2023-07-18T12:10:09+00:00,52.062280092592594,medium
2722,2023-06-06T12:58:12+00:00,2023-07-13T01:39:17+00:00,d4a23657d739f10ab446cae309d8d41fd63e0c74,0.2.7,2023-07-18T12:10:09+00:00,41.966631944444444,medium
2698,2023-06-04T00:05:09+00:00,2023-07-13T10:33:18+00:00,,0.2.7,2023-07-18T12:10:09+00:00,44.50347222222222,low
2476,2023-05-08T06:47:37+00:00,2023-07-14T09:06:34+00:00,,0.2.7,2023-07-18T12:10:09+00:00,71.22398148148149,low
2996,2023-07-13T12:59:30+00:00,2023-07-14T09:07:59+00:00,39988f678526efe0709fe99c183f4d3f75703268,0.2.7,2023-07-18T12:10:09+00:00,4.965729166666667,medium
2985,2023-07-12T11:36:50+00:00,2023-07-15T01:45:46+00:00,,0.2.7,2023-07-18T12:10:09+00:00,6.023136574074074,low
2967,2023-07-10T17:59:00+00:00,2023-07-15T10:44:43+00:00,,0.2.7,2023-07-18T12:10:09+00:00,7.757743055555555,low
3002,2023-07-14T08:35:18+00:00,2023-07-18T07:59:44+00:00,706a5e784f594f68e90453b5e17528628c344520,0.2.7,2023-07-18T12:10:09+00:00,4.149201388888889,medium
2965,2023-07-10T16:22:38+00:00,2023-07-18T10:04:20+00:00,f6edd4b32bddc5fa7bdd1b29eb88232b11822df8,0.2.7,2023-07-18T12:10:09+00:00,7.824664351851852,medium
2975,2023-07-11T07:32:49+00:00,2023-07-18T10:25:26+00:00,,0.2.7,2023-07-18T12:10:09+00:00,7.192592592592592,low
2717,2023-06-05T13:04:41+00:00,2023-07-19T03:47:46+00:00,,0.2.8,2023-08-03T07:07:37+00:00,58.752037037037034,low
3019,2023-07-17T21:54:03+00:00,2023-07-25T02:07:23+00:00,96410b2d320d4900783f1b15b716270651e9f434,0.2.8,2023-08-03T07:07:37+00:00,16.384421296296296,medium
2659,2023-05-30T04:53:21+00:00,2023-07-25T03:44:41+00:00,,0.2.8,2023-08-03T07:07:37+00:00,65.09324074074074,low
2891,2023-06-23T08:03:18+00:00,2023-07-31T02:12:28+00:00,ea37f46f8801975cfae3b531088685b8c04b32b3,0.2.8,2023-08-03T07:07:37+00:00,40.96133101851852,medium
3047,2023-07-24T02:48:13+00:00,2023-07-31T12:22:58+00:00,338e3424100c4adbb6d1598d9e6895503332f542,0.2.8,2023-08-03T07:07:37+00:00,10.180138888888889,medium
3048,2023-07-24T03:30:10+00:00,2023-08-01T09:40:07+00:00,,0.2.8,2023-08-03T07:07:37+00:00,10.151006944444445,low
3077,2023-07-28T09:52:01+00:00,2023-08-02T02:00:03+00:00,,0.2.8,2023-08-03T07:07:37+00:00,5.885833333333333,low
2977,2023-07-11T09:15:14+00:00,2023-08-02T14:07:31+00:00,,0.2.8,2023-08-03T07:07:37+00:00,22.911377314814814,low
3113,2023-08-04T03:11:07+00:00,2023-08-06T04:31:49+00:00,890f7573f3b38ffaad4ec5e2add1c310cdd1af99,0.2.9,2023-08-10T13:40:01+00:00,6.436736111111111,medium
2937,2023-07-04T20:36:21+00:00,2023-08-07T18:55:46+00:00,,0.2.9,2023-08-10T13:40:01+00:00,36.71087962962963,low
3108,2023-08-03T09:47:09+00:00,2023-08-09T04:43:05+00:00,,0.2.9,2023-08-10T13:40:01+00:00,7.161712962962963,low
2952,2023-07-07T10:58:27+00:00,2023-08-10T10:36:55+00:00,,0.2.9,2023-08-10T13:40:01+00:00,34.11219907407408,low
3066,2023-07-26T22:17:11+00:00,2023-08-10T12:59:26+00:00,1fad5aa8044e2aa903a56e014556dae8841e4f05,0.2.9,2023-08-10T13:40:01+00:00,14.640856481481482,medium
2845,2023-06-19T14:06:42+00:00,2023-08-10T12:59:27+00:00,1fad5aa8044e2aa903a56e014556dae8841e4f05,0.2.9,2023-08-10T13:40:01+00:00,51.98146990740741,medium
2844,2023-06-19T13:57:55+00:00,2023-08-11T05:27:39+00:00,,0.3.0,2023-08-23T07:34:43+00:00,64.73388888888888,low
1301,2022-10-17T07:51:21+00:00,2023-08-12T04:50:52+00:00,,0.3.0,2023-08-23T07:34:43+00:00,309.9884490740741,low
3175,2023-08-13T04:22:08+00:00,2023-08-13T11:22:37+00:00,,0.3.0,2023-08-23T07:34:43+00:00,10.133738425925927,low
3196,2023-08-14T12:53:46+00:00,2023-08-15T14:28:56+00:00,,0.3.0,2023-08-23T07:34:43+00:00,8.7784375,low
3197,2023-08-14T13:03:23+00:00,2023-08-15T14:29:04+00:00,,0.3.0,2023-08-23T07:34:43+00:00,8.771759259259259,low
3202,2023-08-14T14:15:14+00:00,2023-08-16T03:49:05+00:00,,0.3.0,2023-08-23T07:34:43+00:00,8.721863425925926,low
3011,2023-07-15T20:51:08+00:00,2023-08-16T10:43:43+00:00,,0.3.0,2023-08-23T07:34:43+00:00,38.44693287037037,low
2790,2023-06-13T04:19:44+00:00,2023-08-17T13:02:25+00:00,07cf7287d6455c01b9036b87ddcad45b6c503c1a,0.3.0,2023-08-23T07:34:43+00:00,71.13540509259259,medium
3172,2023-08-12T07:08:23+00:00,2023-08-17T13:02:25+00:00,07cf7287d6455c01b9036b87ddcad45b6c503c1a,0.3.0,2023-08-23T07:34:43+00:00,11.018287037037037,medium
3189,2023-08-14T04:15:50+00:00,2023-08-18T08:23:03+00:00,,0.3.0,2023-08-23T07:34:43+00:00,9.138113425925926,low
3225,2023-08-17T05:37:53+00:00,2023-08-21T07:47:10+00:00,,0.3.0,2023-08-23T07:34:43+00:00,6.081134259259259,low
3158,2023-08-10T13:19:39+00:00,2023-08-22T14:38:09+00:00,e9f31ea0f87f00e35d6c0b9d4351336a736b20fd,0.3.0,2023-08-23T07:34:43+00:00,12.760462962962963,medium
3229,2023-08-17T14:54:02+00:00,2023-08-22T14:43:41+00:00,,0.3.0,2023-08-23T07:34:43+00:00,5.694918981481481,low
3195,2023-08-14T11:22:31+00:00,2023-08-23T06:55:38+00:00,,0.3.0,2023-08-23T07:34:43+00:00,8.841805555555556,low
3192,2023-08-14T08:11:51+00:00,2023-08-23T13:46:20+00:00,,0.3.1,2023-09-04T09:29:12+00:00,21.053715277777776,low
3194,2023-08-14T10:18:26+00:00,2023-08-23T13:50:33+00:00,,0.3.1,2023-09-04T09:29:12+00:00,20.965810185185184,low
2288,2023-04-18T17:25:08+00:00,2023-08-23T13:56:16+00:00,,0.3.1,2023-09-04T09:29:12+00:00,138.66949074074074,low
1027,2022-09-11T12:41:18+00:00,2023-08-24T08:22:31+00:00,,0.3.1,2023-09-04T09:29:12+00:00,357.8665972222222,low
3171,2023-08-12T06:11:23+00:00,2023-08-24T08:30:11+00:00,,0.3.1,2023-09-04T09:29:12+00:00,23.137372685185184,low
3227,2023-08-17T07:07:26+00:00,2023-08-28T02:58:27+00:00,41ec2d992e17f2ffec9176794e2964884a07f0e7,0.3.1,2023-09-04T09:29:12+00:00,18.098449074074075,medium
3155,2023-08-10T08:40:59+00:00,2023-08-28T02:58:28+00:00,41ec2d992e17f2ffec9176794e2964884a07f0e7,0.3.1,2023-09-04T09:29:12+00:00,25.033483796296295,medium
3193,2023-08-14T08:53:08+00:00,2023-08-28T02:58:28+00:00,41ec2d992e17f2ffec9176794e2964884a07f0e7,0.3.1,2023-09-04T09:29:12+00:00,21.025046296296296,medium
3132,2023-08-07T07:04:23+00:00,2023-08-28T02:58:29+00:00,41ec2d992e17f2ffec9176794e2964884a07f0e7,0.3.1,2023-09-04T09:29:12+00:00,28.10056712962963,medium
2768,2023-06-11T13:35:08+00:00,2023-08-28T02:58:30+00:00,41ec2d992e17f2ffec9176794e2964884a07f0e7,0.3.1,2023-09-04T09:29:12+00:00,84.82921296296297,medium
2222,2023-04-09T06:17:28+00:00,2023-08-28T02:58:31+00:00,41ec2d992e17f2ffec9176794e2964884a07f0e7,0.3.1,2023-09-04T09:29:12+00:00,148.13314814814814,medium
2992,2023-07-13T07:58:32+00:00,2023-08-30T04:22:11+00:00,,0.3.1,2023-09-04T09:29:12+00:00,53.06296296296296,low
2832,2023-06-18T11:53:19+00:00,2023-09-01T14:58:23+00:00,9b7ff375b2e0ee7b37bcc7a6706987c8495ceaf0,0.3.1,2023-09-04T09:29:12+00:00,77.89991898148148,medium
1994,2023-03-15T01:10:40+00:00,2023-09-04T12:01:34+00:00,,0.3.2,2023-09-18T06:40:37+00:00,187.22913194444445,low
2459,2023-05-05T03:09:52+00:00,2023-09-04T13:55:49+00:00,,0.3.2,2023-09-18T06:40:37+00:00,136.14635416666667,low
1352,2022-10-24T21:09:16+00:00,2023-09-04T13:59:16+00:00,,0.3.2,2023-09-18T06:40:37+00:00,328.39677083333333,low
1404,2022-10-31T06:40:10+00:00,2023-09-04T14:00:17+00:00,,0.3.2,2023-09-18T06:40:37+00:00,322.0003125,low
1444,2022-11-12T08:36:24+00:00,2023-09-04T14:01:39+00:00,,0.3.2,2023-09-18T06:40:37+00:00,309.91959490740743,low
1517,2022-12-01T06:15:03+00:00,2023-09-04T14:04:31+00:00,,0.3.2,2023-09-18T06:40:37+00:00,291.0177546296296,low
3341,2023-09-05T07:47:06+00:00,2023-09-05T11:46:30+00:00,,0.3.2,2023-09-18T06:40:37+00:00,12.95383101851852,low
342,2022-02-17T09:54:41+00:00,2023-09-10T14:26:59+00:00,,0.3.2,2023-09-18T06:40:37+00:00,577.8652314814815,low
3188,2023-08-14T04:14:16+00:00,2023-09-13T03:18:09+00:00,aa25aa44740e4d791d5511fc4c5f07bba40c7a18,0.3.2,2023-09-18T06:40:37+00:00,35.10163194444444,medium
3208,2023-08-15T13:48:58+00:00,2023-09-13T03:36:24+00:00,,0.3.2,2023-09-18T06:40:37+00:00,33.702534722222225,low
3316,2023-09-01T12:37:12+00:00,2023-09-14T10:08:46+00:00,d86531ac920525e91453e02daf2a008a0af7e6f9,0.3.2,2023-09-18T06:40:37+00:00,16.752372685185186,medium
3320,2023-09-02T08:39:35+00:00,2023-09-15T08:07:48+00:00,,0.3.2,2023-09-18T06:40:37+00:00,15.91738425925926,low
3422,2023-09-16T21:03:31+00:00,2023-09-18T08:39:31+00:00,,0.3.3,2023-09-26T08:58:06+00:00,9.496238425925926,low
3451,2023-09-19T20:24:48+00:00,2023-09-19T22:00:05+00:00,,0.3.3,2023-09-26T08:58:06+00:00,6.523125,low
3470,2023-09-20T11:58:44+00:00,2023-09-20T15:19:13+00:00,,0.3.3,2023-09-26T08:58:06+00:00,5.874560185185185,low
3463,2023-09-20T04:34:43+00:00,2023-09-20T15:31:31+00:00,,0.3.3,2023-09-26T08:58:06+00:00,6.182905092592593,low
3449,2023-09-19T20:17:15+00:00,2023-09-21T01:10:42+00:00,,0.3.3,2023-09-26T08:58:06+00:00,6.528368055555555,low
3388,2023-09-12T13:23:57+00:00,2023-09-21T01:39:15+00:00,,0.3.3,2023-09-26T08:58:06+00:00,13.815381944444445,low
3318,2023-09-01T12:54:31+00:00,2023-09-21T03:23:30+00:00,37a5054ebd341b30b9b289d99352060561489924,0.3.3,2023-09-26T08:58:06+00:00,24.83582175925926,medium
2851,2023-06-20T08:47:39+00:00,2023-09-21T05:09:59+00:00,,0.3.3,2023-09-26T08:58:06+00:00,98.00725694444445,low
3426,2023-09-17T12:06:56+00:00,2023-09-22T03:15:19+00:00,d5f8ce54356ea19554a7246adab5a684b0588020,0.3.3,2023-09-26T08:58:06+00:00,8.868865740740741,medium
3457,2023-09-19T21:12:33+00:00,2023-09-22T10:25:29+00:00,,0.3.3,2023-09-26T08:58:06+00:00,6.489965277777777,low
3046,2023-07-23T12:18:00+00:00,2023-09-23T01:47:50+00:00,,0.3.3,2023-09-26T08:58:06+00:00,64.86118055555555,low
3447,2023-09-19T20:04:06+00:00,2023-09-24T12:25:48+00:00,,0.3.3,2023-09-26T08:58:06+00:00,6.5375,low
3200,2023-08-14T13:46:09+00:00,2023-09-24T15:25:53+00:00,,0.3.3,2023-09-26T08:58:06+00:00,42.79996527777778,low
3527,2023-09-25T08:51:36+00:00,2023-09-25T10:12:45+00:00,,0.3.3,2023-09-26T08:58:06+00:00,1.004513888888889,low
3530,2023-09-25T12:12:34+00:00,2023-09-26T06:40:58+00:00,,0.3.3,2023-09-26T08:58:06+00:00,0.8649537037037037,low
3428,2023-09-17T15:18:33+00:00,2023-09-26T19:28:28+00:00,,0.3.4,2023-10-02T12:49:43+00:00,14.896643518518518,low
3543,2023-09-26T18:13:40+00:00,2023-09-27T14:59:35+00:00,,0.3.4,2023-10-02T12:49:43+00:00,5.775034722222222,low
2897,2023-06-24T14:45:30+00:00,2023-09-28T06:18:03+00:00,d007f98af621d0460aea1a7bb0e8c084d0feb2d4,0.3.4,2023-10-02T12:49:43+00:00,99.9195949074074,medium
3268,2023-08-24T06:13:40+00:00,2023-09-28T06:18:42+00:00,890f52a00a09497f40e2b02199f3cd12986651e7,0.3.4,2023-10-02T12:49:43+00:00,39.27503472222222,medium
3425,2023-09-17T12:00:17+00:00,2023-09-30T01:42:36+00:00,,0.3.4,2023-10-02T12:49:43+00:00,15.034328703703704,low
3458,2023-09-19T21:18:25+00:00,2023-10-01T18:44:33+00:00,,0.3.4,2023-10-02T12:49:43+00:00,12.64673611111111,low
3446,2023-09-19T19:55:45+00:00,2023-10-01T21:22:32+00:00,,0.3.4,2023-10-02T12:49:43+00:00,12.704143518518519,low
3568,2023-10-01T20:46:34+00:00,2023-10-02T07:13:40+00:00,,0.3.4,2023-10-02T12:49:43+00:00,0.6688541666666666,low
3584,2023-10-02T14:08:31+00:00,2023-10-02T14:15:52+00:00,,0.3.5,2023-10-10T04:45:30+00:00,7.609016203703704,low
3411,2023-09-15T07:46:03+00:00,2023-10-04T09:40:14+00:00,,0.3.5,2023-10-10T04:45:30+00:00,24.874618055555555,low
3526,2023-09-25T08:30:00+00:00,2023-10-04T21:48:33+00:00,,0.3.5,2023-10-10T04:45:30+00:00,14.844097222222222,low
3462,2023-09-20T04:09:10+00:00,2023-10-05T01:34:37+00:00,e9852a3934b0176f264a64ec5f64ddf685e4926f,0.3.5,2023-10-10T04:45:30+00:00,20.02523148148148,medium
3452,2023-09-19T20:28:34+00:00,2023-10-10T07:51:49+00:00,,0.3.6,2023-10-17T06:49:38+00:00,27.431296296296296,low
3450,2023-09-19T20:20:40+00:00,2023-10-10T09:30:46+00:00,,0.3.6,2023-10-17T06:49:38+00:00,27.436782407407406,low
3652,2023-10-09T13:18:13+00:00,2023-10-11T15:26:00+00:00,,0.3.6,2023-10-17T06:49:38+00:00,7.730150462962963,low
3651,2023-10-09T12:27:07+00:00,2023-10-11T15:26:14+00:00,,0.3.6,2023-10-17T06:49:38+00:00,7.765636574074074,low
3620,2023-10-05T09:02:38+00:00,2023-10-13T13:06:15+00:00,,0.3.6,2023-10-17T06:49:38+00:00,11.907638888888888,low
3692,2023-10-13T13:05:27+00:00,2023-10-15T05:04:25+00:00,11daa15b8956aafd7aa01f1db5a11b1c12c98391,0.3.6,2023-10-17T06:49:38+00:00,3.7390162037037036,medium
3270,2023-08-24T06:20:04+00:00,2023-10-16T06:11:07+00:00,,0.3.6,2023-10-17T06:49:38+00:00,54.02053240740741,low
3710,2023-10-16T06:59:25+00:00,2023-10-17T03:47:28+00:00,,0.3.6,2023-10-17T06:49:38+00:00,0.9932060185185185,low
3617,2023-10-05T06:38:18+00:00,2023-10-20T11:49:01+00:00,,0.3.7,2023-10-31T01:50:00+00:00,25.799791666666668,low
3456,2023-09-19T21:05:08+00:00,2023-10-23T11:23:29+00:00,,0.3.7,2023-10-31T01:50:00+00:00,41.19782407407408,low
3759,2023-10-23T09:13:42+00:00,2023-10-23T12:52:01+00:00,,0.3.7,2023-10-31T01:50:00+00:00,7.691875,low
2218,2023-04-07T21:01:50+00:00,2023-10-24T02:15:30+00:00,,0.3.7,2023-10-31T01:50:00+00:00,206.20011574074073,low
3743,2023-10-21T12:35:51+00:00,2023-10-24T06:01:36+00:00,,0.3.7,2023-10-31T01:50:00+00:00,9.551493055555556,low
3749,2023-10-22T07:03:35+00:00,2023-10-24T06:04:14+00:00,,0.3.7,2023-10-31T01:50:00+00:00,8.782233796296296,low
3630,2023-10-05T19:18:30+00:00,2023-10-24T09:43:27+00:00,,0.3.7,2023-10-31T01:50:00+00:00,25.271875,low
3634,2023-10-06T05:25:05+00:00,2023-10-25T15:06:11+00:00,,0.3.7,2023-10-31T01:50:00+00:00,24.850636574074073,low
3782,2023-10-25T14:41:54+00:00,2023-10-25T19:05:29+00:00,,0.3.7,2023-10-31T01:50:00+00:00,5.463958333333333,low
3784,2023-10-25T17:07:53+00:00,2023-10-26T14:03:45+00:00,03598d3f22a8dff9b2b6d2bf216838d68e1b41e5,0.3.7,2023-10-31T01:50:00+00:00,5.362581018518519,medium
3802,2023-10-26T14:49:10+00:00,2023-10-27T16:36:06+00:00,,0.3.7,2023-10-31T01:50:00+00:00,4.458912037037037,low
3803,2023-10-26T14:55:49+00:00,2023-10-28T04:26:00+00:00,,0.3.7,2023-10-31T01:50:00+00:00,4.454293981481482,low
3010,2023-07-15T20:46:41+00:00,2023-10-30T07:50:50+00:00,,0.3.7,2023-10-31T01:50:00+00:00,107.21063657407407,low
3839,2023-10-31T10:35:57+00:00,2023-10-31T19:11:34+00:00,,0.3.8,2023-11-14T03:41:44+00:00,13.712349537037037,low
3861,2023-11-01T21:38:41+00:00,2023-11-02T16:17:32+00:00,,0.3.8,2023-11-14T03:41:44+00:00,12.252118055555556,low
3794,2023-10-26T09:43:34+00:00,2023-11-03T20:30:26+00:00,,0.3.8,2023-11-14T03:41:44+00:00,18.748726851851853,low
2010,2023-03-17T08:09:15+00:00,2023-11-06T03:14:45+00:00,,0.3.8,2023-11-14T03:41:44+00:00,241.81422453703703,low
3871,2023-11-04T02:07:20+00:00,2023-11-06T08:44:23+00:00,,0.3.8,2023-11-14T03:41:44+00:00,10.065555555555555,low
3582,2023-10-02T13:52:31+00:00,2023-11-07T14:58:24+00:00,4d9ae55e76a52d78224fa93df8a95d5dca70c94a,0.3.8,2023-11-14T03:41:44+00:00,42.57584490740741,low
3846,2023-10-31T13:08:33+00:00,2023-11-08T23:32:12+00:00,,0.3.8,2023-11-14T03:41:44+00:00,13.606377314814814,low
3690,2023-10-13T08:09:27+00:00,2023-11-10T07:42:42+00:00,3c7e636b651afea5f023c413283cee56f6abbe06,0.3.8,2023-11-14T03:41:44+00:00,31.814085648148147,medium
3421,2023-09-16T20:11:57+00:00,2023-11-21T14:54:11+00:00,,0.3.9,2023-12-06T05:50:35+00:00,80.4018287037037,low
4002,2023-11-24T13:25:34+00:00,2023-11-24T15:13:54+00:00,29a6eab1ce5df193508d577594538c301175a460,0.3.9,2023-12-06T05:50:35+00:00,11.684039351851851,medium
4018,2023-11-27T03:04:48+00:00,2023-11-28T01:41:31+00:00,,0.3.9,2023-12-06T05:50:35+00:00,9.115127314814815,low
4009,2023-11-26T08:16:46+00:00,2023-11-28T03:46:12+00:00,,0.3.9,2023-12-06T05:50:35+00:00,9.898483796296297,low
3820,2023-10-28T15:23:19+00:00,2023-12-01T05:33:38+00:00,,0.3.9,2023-12-06T05:50:35+00:00,38.60226851851852,low
3950,2023-11-16T15:42:32+00:00,2023-12-02T23:58:19+00:00,,0.3.9,2023-12-06T05:50:35+00:00,19.58892361111111,low
3966,2023-11-19T13:23:05+00:00,2023-12-07T14:05:16+00:00,,0.4.0,2023-12-31T03:55:53+00:00,41.60611111111111,low
4013,2023-11-26T15:49:11+00:00,2023-12-08T17:48:40+00:00,,0.4.0,2023-12-31T03:55:53+00:00,34.50465277777778,low
4008,2023-11-26T00:03:28+00:00,2023-12-10T11:44:38+00:00,,0.4.0,2023-12-31T03:55:53+00:00,35.161400462962966,low
4017,2023-11-27T03:00:32+00:00,2023-12-19T22:53:59+00:00,,0.4.0,2023-12-31T03:55:53+00:00,34.0384375,low
3319,2023-09-01T15:57:26+00:00,2023-12-21T01:31:39+00:00,366e28752cbd66742ac35bea546afc83c52dc918,0.4.0,2023-12-31T03:55:53+00:00,120.49892361111111,medium
4085,2023-12-04T15:07:24+00:00,2023-12-21T01:32:02+00:00,890285bb7befd30faefbb72f8a998386bd3fc5d9,0.4.0,2023-12-31T03:55:53+00:00,26.533668981481483,medium
3764,2023-10-23T11:49:12+00:00,2023-12-21T18:21:44+00:00,,0.4.0,2023-12-31T03:55:53+00:00,68.67130787037037,low
3761,2023-10-23T09:20:55+00:00,2023-12-21T18:22:49+00:00,,0.4.0,2023-12-31T03:55:53+00:00,68.77428240740741,low
3757,2023-10-23T08:46:04+00:00,2023-12-21T18:23:45+00:00,,0.4.0,2023-12-31T03:55:53+00:00,68.7984837962963,low
3638,2023-10-06T17:53:40+00:00,2023-12-21T19:51:12+00:00,,0.4.0,2023-12-31T03:55:53+00:00,85.41820601851852,low
3597,2023-10-03T13:07:42+00:00,2023-12-21T19:58:16+00:00,,0.4.0,2023-12-31T03:55:53+00:00,88.61679398148148,low
3438,2023-09-19T02:28:21+00:00,2023-12-22T00:46:33+00:00,,0.4.0,2023-12-31T03:55:53+00:00,103.06078703703703,low
3375,2023-09-11T08:07:08+00:00,2023-12-22T03:33:16+00:00,,0.4.0,2023-12-31T03:55:53+00:00,110.82552083333333,low
3314,2023-09-01T12:28:11+00:00,2023-12-22T04:11:26+00:00,368f0e3f249b89c506ecb987ec99773cced3ae85,0.4.0,2023-12-31T03:55:53+00:00,120.64423611111111,low
3313,2023-09-01T12:18:33+00:00,2023-12-22T04:15:33+00:00,,0.4.0,2023-12-31T03:55:53+00:00,120.65092592592593,low
3747,2023-10-21T15:05:54+00:00,2023-12-22T08:28:29+00:00,acc93a603d827a21656bfdf087c823fa8cc59345,0.4.0,2023-12-31T03:55:53+00:00,70.53471064814815,medium
3224,2023-08-17T04:18:06+00:00,2023-12-22T19:07:37+00:00,,0.4.0,2023-12-31T03:55:53+00:00,135.98457175925927,low
3210,2023-08-15T14:55:54+00:00,2023-12-22T19:09:35+00:00,,0.4.0,2023-12-31T03:55:53+00:00,137.5416550925926,low
3187,2023-08-14T04:05:15+00:00,2023-12-22T19:14:18+00:00,,0.4.0,2023-12-31T03:55:53+00:00,138.99349537037037,low
2855,2023-06-20T11:09:07+00:00,2023-12-23T17:36:08+00:00,,0.4.0,2023-12-31T03:55:53+00:00,193.69914351851853,low
2781,2023-06-12T06:41:38+00:00,2023-12-23T17:47:42+00:00,,0.4.0,2023-12-31T03:55:53+00:00,201.88489583333333,low
2683,2023-06-02T05:22:56+00:00,2023-12-23T18:04:23+00:00,,0.4.0,2023-12-31T03:55:53+00:00,211.93954861111112,low
2545,2023-05-16T13:15:41+00:00,2023-12-23T18:51:58+00:00,,0.4.0,2023-12-31T03:55:53+00:00,228.61125,low
2515,2023-05-12T11:48:15+00:00,2023-12-23T18:52:40+00:00,,0.4.0,2023-12-31T03:55:53+00:00,232.67196759259258,low
2402,2023-05-01T04:30:35+00:00,2023-12-24T00:09:21+00:00,,0.4.0,2023-12-31T03:55:53+00:00,243.97590277777778,low
2174,2023-04-03T19:44:20+00:00,2023-12-24T00:38:14+00:00,,0.4.0,2023-12-31T03:55:53+00:00,271.3413541666667,low
4193,2023-12-22T02:13:50+00:00,2023-12-24T14:12:17+00:00,9b55f5bc7f148beeb8abeb6b58ff711280fd6d03,0.4.0,2023-12-31T03:55:53+00:00,9.070868055555556,medium
2582,2023-05-22T11:57:43+00:00,2023-12-24T16:44:30+00:00,,0.4.0,2023-12-31T03:55:53+00:00,222.66539351851853,low
1443,2022-11-12T08:27:15+00:00,2023-12-24T16:59:49+00:00,,0.4.0,2023-12-31T03:55:53+00:00,413.8115509259259,low
1329,2022-10-21T09:32:37+00:00,2023-12-24T17:30:08+00:00,,0.4.0,2023-12-31T03:55:53+00:00,435.76615740740743,low
1311,2022-10-18T00:57:08+00:00,2023-12-24T17:33:06+00:00,,0.4.0,2023-12-31T03:55:53+00:00,439.12413194444446,low
704,2022-07-25T00:21:23+00:00,2023-12-24T18:28:44+00:00,,0.4.0,2023-12-31T03:55:53+00:00,524.1489583333333,low
544,2022-06-08T13:34:57+00:00,2023-12-24T18:31:07+00:00,,0.4.0,2023-12-31T03:55:53+00:00,570.5978703703704,low
418,2022-03-16T16:36:10+00:00,2023-12-24T18:46:53+00:00,,0.4.0,2023-12-31T03:55:53+00:00,654.472025462963,low
100,2021-11-27T05:58:00+00:00,2023-12-24T19:15:34+00:00,,0.4.0,2023-12-31T03:55:53+00:00,763.9151967592593,low
4177,2023-12-20T10:23:00+00:00,2023-12-31T10:24:25+00:00,,0.4.1,2024-01-04T00:03:08+00:00,14.569537037037037,low
4223,2023-12-27T17:51:57+00:00,2024-01-07T13:16:49+00:00,c4ebccafd4ee340d299c1c6d696aed92b32933b6,0.4.2,2024-01-15T13:07:11+00:00,18.802245370370372,medium
4333,2024-01-08T14:17:51+00:00,2024-01-11T07:12:34+00:00,,0.4.2,2024-01-15T13:07:11+00:00,6.950925925925926,low
3841,2023-10-31T10:47:09+00:00,2024-01-11T23:52:32+00:00,,0.4.2,2024-01-15T13:07:11+00:00,76.09724537037037,low
4179,2023-12-20T12:49:46+00:00,2024-01-11T23:53:12+00:00,,0.4.2,2024-01-15T13:07:11+00:00,26.01209490740741,low
4300,2024-01-04T09:25:49+00:00,2024-01-11T23:53:44+00:00,,0.4.2,2024-01-15T13:07:11+00:00,11.153726851851852,low
4304,2024-01-04T19:21:45+00:00,2024-01-12T05:27:20+00:00,,0.4.2,2024-01-15T13:07:11+00:00,10.73988425925926,low
4388,2024-01-14T18:33:30+00:00,2024-01-15T09:13:00+00:00,,0.4.2,2024-01-15T13:07:11+00:00,0.7733912037037037,low
3791,2023-10-26T07:43:53+00:00,2024-01-17T00:42:11+00:00,,0.4.4,2024-02-01T09:38:20+00:00,98.07947916666667,low
4344,2024-01-09T10:25:43+00:00,2024-01-23T00:24:33+00:00,,0.4.4,2024-02-01T09:38:20+00:00,22.967094907407407,low
4347,2024-01-09T19:03:15+00:00,2024-01-24T11:07:04+00:00,,0.4.4,2024-02-01T09:38:20+00:00,22.60769675925926,low
4433,2024-01-21T03:50:35+00:00,2024-01-24T11:07:04+00:00,,0.4.4,2024-02-01T09:38:20+00:00,11.241493055555555,low
4477,2024-01-24T04:14:14+00:00,2024-01-24T14:45:15+00:00,,0.4.4,2024-02-01T09:38:20+00:00,8.225069444444445,low
4326,2024-01-07T17:02:01+00:00,2024-01-25T05:17:14+00:00,,0.4.4,2024-02-01T09:38:20+00:00,24.691886574074076,low
4421,2024-01-19T05:56:59+00:00,2024-01-26T02:45:43+00:00,,0.4.4,2024-02-01T09:38:20+00:00,13.153715277777778,low
4504,2024-01-26T06:52:23+00:00,2024-01-26T14:24:00+00:00,d2cc79986196ccc9c8e2072056157133450256e2,0.4.4,2024-02-01T09:38:20+00:00,6.115243055555555,medium
4127,2023-12-11T02:23:23+00:00,2024-02-07T17:43:30+00:00,,0.4.8,2024-02-14T01:39:19+00:00,64.96939814814814,low
3444,2023-09-19T19:06:13+00:00,2024-02-16T05:39:50+00:00,3e0a003872b07621cb731a47205e837c9764fcba,0.4.9,2024-02-18T08:48:40+00:00,151.57114583333333,medium
4600,2024-02-04T13:54:21+00:00,2024-02-20T05:17:47+00:00,a6c6aa819c332b185bbd07cfd674d595bc786773,0.5.0,2024-02-26T08:15:28+00:00,21.764664351851852,medium
4520,2024-01-27T14:40:45+00:00,2024-02-21T23:24:07+00:00,,0.5.0,2024-02-26T08:15:28+00:00,29.73244212962963,low
4495,2024-01-25T13:24:10+00:00,2024-02-23T03:13:08+00:00,,0.5.0,2024-02-26T08:15:28+00:00,31.785625,low
4729,2024-02-24T15:56:27+00:00,2024-02-25T20:32:45+00:00,,0.5.0,2024-02-26T08:15:28+00:00,1.6798726851851853,low
4730,2024-02-24T15:59:09+00:00,2024-02-25T20:32:45+00:00,,0.5.0,2024-02-26T08:15:28+00:00,1.6779976851851852,low
4479,2024-01-24T09:56:44+00:00,2024-02-28T09:51:55+00:00,,0.5.1,2024-03-11T11:46:18+00:00,47.076087962962966,low
4772,2024-02-28T10:34:24+00:00,2024-02-28T12:21:24+00:00,,0.5.1,2024-03-11T11:46:18+00:00,12.049930555555555,low
4776,2024-02-28T11:20:17+00:00,2024-02-28T12:23:08+00:00,,0.5.1,2024-03-11T11:46:18+00:00,12.01806712962963,low
4770,2024-02-28T09:53:29+00:00,2024-02-28T14:04:17+00:00,,0.5.1,2024-03-11T11:46:18+00:00,12.078344907407407,low
3926,2023-11-13T02:58:17+00:00,2024-03-02T14:34:01+00:00,,0.5.1,2024-03-11T11:46:18+00:00,119.36667824074074,low
4287,2024-01-02T22:41:01+00:00,2024-03-02T20:07:17+00:00,,0.5.1,2024-03-11T11:46:18+00:00,68.54533564814815,low
3060,2023-07-25T07:54:50+00:00,2024-03-03T21:05:00+00:00,41ec2d992e17f2ffec9176794e2964884a07f0e7,0.3.1,2023-09-04T09:29:12+00:00,41.06553240740741,medium
4790,2024-03-01T12:10:51+00:00,2024-03-04T04:24:26+00:00,,0.5.1,2024-03-11T11:46:18+00:00,9.982951388888889,low
4457,2024-01-22T19:26:12+00:00,2024-03-05T08:41:04+00:00,,0.5.1,2024-03-11T11:46:18+00:00,48.680625,low
4446,2024-01-22T18:46:30+00:00,2024-03-05T08:41:38+00:00,,0.5.1,2024-03-11T11:46:18+00:00,48.708194444444445,low
4447,2024-01-22T18:50:35+00:00,2024-03-05T08:41:39+00:00,,0.5.1,2024-03-11T11:46:18+00:00,48.705358796296295,low
4448,2024-01-22T18:56:19+00:00,2024-03-05T08:41:39+00:00,,0.5.1,2024-03-11T11:46:18+00:00,48.70137731481481,low
4449,2024-01-22T18:59:54+00:00,2024-03-05T08:41:39+00:00,,0.5.1,2024-03-11T11:46:18+00:00,48.69888888888889,low
4450,2024-01-22T19:02:32+00:00,2024-03-05T08:41:40+00:00,,0.5.1,2024-03-11T11:46:18+00:00,48.69706018518519,low
4451,2024-01-22T19:05:17+00:00,2024-03-05T08:41:40+00:00,,0.5.1,2024-03-11T11:46:18+00:00,48.695150462962964,low
4452,2024-01-22T19:09:29+00:00,2024-03-05T08:41:40+00:00,,0.5.1,2024-03-11T11:46:18+00:00,48.69223379629629,low
4454,2024-01-22T19:16:29+00:00,2024-03-05T08:41:41+00:00,,0.5.1,2024-03-11T11:46:18+00:00,48.68737268518519,low
4453,2024-01-22T19:12:48+00:00,2024-03-05T08:41:41+00:00,,0.5.1,2024-03-11T11:46:18+00:00,48.689930555555556,low
4455,2024-01-22T19:20:44+00:00,2024-03-05T08:41:42+00:00,,0.5.1,2024-03-11T11:46:18+00:00,48.68442129629629,low
4456,2024-01-22T19:24:07+00:00,2024-03-05T08:41:42+00:00,,0.5.1,2024-03-11T11:46:18+00:00,48.68207175925926,low
2801,2023-06-15T06:45:11+00:00,2024-03-11T03:55:53+00:00,,0.5.1,2024-03-11T11:46:18+00:00,270.2091087962963,low
4894,2024-03-13T10:15:17+00:00,2024-03-13T10:36:51+00:00,,0.5.2,2024-03-14T08:24:31+00:00,0.9230787037037037,low
3346,2023-09-05T13:13:41+00:00,2024-03-14T06:27:59+00:00,,0.5.2,2024-03-14T08:24:31+00:00,190.7991898148148,low
4864,2024-03-10T22:07:57+00:00,2024-03-14T07:07:17+00:00,,0.5.2,2024-03-14T08:24:31+00:00,3.4281712962962962,low
4904,2024-03-15T01:06:12+00:00,2024-03-22T03:44:02+00:00,,0.5.3,2024-03-26T07:37:28+00:00,11.271712962962964,low
4174,2023-12-20T00:57:40+00:00,2024-03-25T09:51:46+00:00,,0.5.3,2024-03-26T07:37:28+00:00,97.27763888888889,low
3232,2023-08-18T07:32:51+00:00,2024-03-31T02:54:19+00:00,419464c1756d6d2a00c23826e1a637d4c5c420fd,0.5.4,2024-04-09T06:30:53+00:00,234.9569675925926,medium
3801,2023-10-26T14:40:01+00:00,2024-03-31T02:54:20+00:00,419464c1756d6d2a00c23826e1a637d4c5c420fd,0.5.4,2024-04-09T06:30:53+00:00,165.66032407407408,medium
4386,2024-01-14T18:06:30+00:00,2024-04-01T03:38:25+00:00,,0.5.4,2024-04-09T06:30:53+00:00,85.51693287037037,low
3943,2023-11-15T11:08:59+00:00,2024-04-01T03:46:18+00:00,,0.5.4,2024-04-09T06:30:53+00:00,145.806875,low
3443,2023-09-19T19:00:32+00:00,2024-04-01T03:54:28+00:00,,0.5.4,2024-04-09T06:30:53+00:00,202.47940972222221,low
3190,2023-08-14T07:03:32+00:00,2024-04-01T03:57:19+00:00,,0.5.4,2024-04-09T06:30:53+00:00,238.97732638888888,low
1689,2023-01-09T02:44:42+00:00,2024-04-01T04:06:29+00:00,,0.5.4,2024-04-09T06:30:53+00:00,456.1570717592593,low
491,2022-05-08T16:39:27+00:00,2024-04-01T07:21:20+00:00,,0.5.4,2024-04-09T06:30:53+00:00,701.5773842592592,low
2300,2023-04-20T07:36:57+00:00,2024-04-01T07:41:58+00:00,,0.5.4,2024-04-09T06:30:53+00:00,354.9541203703704,low
2929,2023-07-03T05:51:18+00:00,2024-04-01T07:57:31+00:00,,0.5.4,2024-04-09T06:30:53+00:00,281.0274884259259,low
3148,2023-08-08T13:19:50+00:00,2024-04-01T08:09:38+00:00,,0.5.4,2024-04-09T06:30:53+00:00,244.71600694444444,low
3435,2023-09-18T23:51:51+00:00,2024-04-01T08:19:42+00:00,,0.5.4,2024-04-09T06:30:53+00:00,203.27710648148147,low
3420,2023-09-16T14:25:02+00:00,2024-04-01T08:20:59+00:00,,0.5.4,2024-04-09T06:30:53+00:00,205.67072916666666,low
3583,2023-10-02T14:03:19+00:00,2024-04-01T08:31:43+00:00,,0.5.4,2024-04-09T06:30:53+00:00,189.68581018518518,low
3858,2023-11-01T11:25:24+00:00,2024-04-01T13:05:07+00:00,,0.5.4,2024-04-09T06:30:53+00:00,159.79547453703702,low
4134,2023-12-12T00:35:30+00:00,2024-04-02T02:18:42+00:00,,0.5.4,2024-04-09T06:30:53+00:00,119.24679398148149,low
4245,2023-12-29T15:36:42+00:00,2024-04-02T02:24:37+00:00,,0.5.4,2024-04-09T06:30:53+00:00,101.62096064814814,low
4099,2023-12-05T21:23:00+00:00,2024-04-02T02:53:06+00:00,,0.5.4,2024-04-09T06:30:53+00:00,125.38047453703703,low
4668,2024-02-17T07:08:59+00:00,2024-04-02T10:01:34+00:00,,0.5.4,2024-04-09T06:30:53+00:00,51.97354166666667,low
4657,2024-02-15T08:32:15+00:00,2024-04-02T10:02:06+00:00,,0.5.4,2024-04-09T06:30:53+00:00,53.91571759259259,low
4628,2024-02-07T17:47:33+00:00,2024-04-02T10:10:35+00:00,,0.5.4,2024-04-09T06:30:53+00:00,61.530092592592595,low
4703,2024-02-22T06:09:31+00:00,2024-04-02T10:56:11+00:00,,0.5.4,2024-04-09T06:30:53+00:00,47.014837962962964,low
4846,2024-03-07T14:10:58+00:00,2024-04-02T11:13:49+00:00,,0.5.4,2024-04-09T06:30:53+00:00,32.68049768518519,low
4720,2024-02-23T16:08:42+00:00,2024-04-08T01:35:33+00:00,,0.5.4,2024-04-09T06:30:53+00:00,45.59873842592592,low
5098,2024-04-09T01:42:12+00:00,2024-04-09T11:26:41+00:00,,0.5.5,2024-04-25T06:53:52+00:00,16.216435185185187,low
3409,2023-09-15T07:11:50+00:00,2024-04-09T12:05:13+00:00,,0.5.5,2024-04-25T06:53:52+00:00,222.98752314814814,low
4971,2024-03-23T10:47:40+00:00,2024-04-10T07:33:03+00:00,,0.5.5,2024-04-25T06:53:52+00:00,32.83763888888889,low
5003,2024-03-29T02:41:22+00:00,2024-04-11T06:49:37+00:00,b7b4ea2da11fb40d4249dd58bb795d331ac23a98,0.5.5,2024-04-25T06:53:52+00:00,27.17534722222222,medium
4259,2023-12-30T19:52:34+00:00,2024-04-13T22:48:28+00:00,,0.5.5,2024-04-25T06:53:52+00:00,116.45923611111111,low
1815,2023-02-07T05:36:33+00:00,2024-04-23T01:46:42+00:00,,0.5.5,2024-04-25T06:53:52+00:00,443.0536921296296,low
4912,2024-03-15T07:32:25+00:00,2024-04-29T01:30:52+00:00,,0.5.6,2024-05-07T11:45:07+00:00,53.17548611111111,low
3765,2023-10-23T13:37:23+00:00,2024-04-29T01:30:53+00:00,,0.5.6,2024-05-07T11:45:07+00:00,196.92203703703703,low
4911,2024-03-15T07:30:12+00:00,2024-04-29T01:30:53+00:00,,0.5.6,2024-05-07T11:45:07+00:00,53.177025462962966,low
4979,2024-03-25T00:58:52+00:00,2024-04-30T09:35:05+00:00,,0.5.6,2024-05-07T11:45:07+00:00,43.44878472222222,low
4666,2024-02-16T20:28:51+00:00,2024-04-30T09:35:05+00:00,,0.5.6,2024-05-07T11:45:07+00:00,80.6362962962963,low
4771,2024-02-28T10:22:32+00:00,2024-05-01T09:59:46+00:00,,0.5.6,2024-05-07T11:45:07+00:00,69.05734953703704,low
5230,2024-04-30T10:57:18+00:00,2024-05-08T08:21:04+00:00,,0.5.7,2024-05-10T09:26:00+00:00,9.936597222222222,low
3249,2023-08-22T04:56:42+00:00,2024-05-10T02:02:13+00:00,,0.5.7,2024-05-10T09:26:00+00:00,262.1870138888889,low
5283,2024-05-07T09:25:28+00:00,2024-05-10T02:02:13+00:00,,0.5.7,2024-05-10T09:26:00+00:00,3.0003703703703706,low
5320,2024-05-13T07:02:26+00:00,2024-05-13T13:45:28+00:00,,0.5.8,2024-05-21T11:42:37+00:00,8.19457175925926,low
5360,2024-05-18T12:30:38+00:00,2024-05-20T09:19:59+00:00,9b7ee4b978c0b6f5c55413694efedf6294ff0f80,0.5.8,2024-05-21T11:42:37+00:00,2.9666550925925925,medium
5361,2024-05-19T06:22:40+00:00,2024-05-21T01:21:52+00:00,,0.5.8,2024-05-21T11:42:37+00:00,2.2221875,low
5372,2024-05-20T09:21:36+00:00,2024-05-21T02:47:32+00:00,,0.5.8,2024-05-21T11:42:37+00:00,1.0979282407407407,low
5319,2024-05-13T06:45:08+00:00,2024-05-30T11:10:46+00:00,,0.5.9,2024-06-06T03:19:18+00:00,23.857060185185187,low
5304,2024-05-09T22:29:52+00:00,2024-05-30T11:11:03+00:00,,0.5.9,2024-06-06T03:19:18+00:00,27.20099537037037,low
4923,2024-03-16T14:03:10+00:00,2024-05-30T11:12:23+00:00,,0.5.9,2024-06-06T03:19:18+00:00,81.55287037037037,low
4775,2024-02-28T11:14:22+00:00,2024-05-30T11:13:46+00:00,,0.5.9,2024-06-06T03:19:18+00:00,98.6700925925926,low
5434,2024-05-29T08:54:22+00:00,2024-06-07T07:41:00+00:00,,0.6.1,2024-06-20T13:27:38+00:00,22.18976851851852,low
4970,2024-03-23T10:22:55+00:00,2024-06-07T08:09:20+00:00,,0.6.1,2024-06-20T13:27:38+00:00,89.12827546296296,low
5385,2024-05-21T09:11:44+00:00,2024-06-09T12:01:50+00:00,,0.6.1,2024-06-20T13:27:38+00:00,30.17770833333333,low
5485,2024-06-07T00:15:10+00:00,2024-06-10T01:04:02+00:00,,0.6.1,2024-06-20T13:27:38+00:00,13.550324074074075,low
5389,2024-05-22T02:06:29+00:00,2024-06-10T13:23:27+00:00,,0.6.1,2024-06-20T13:27:38+00:00,29.473020833333333,low
5495,2024-06-08T13:26:18+00:00,2024-06-11T20:17:35+00:00,,0.6.1,2024-06-20T13:27:38+00:00,12.000925925925927,low
5478,2024-06-05T11:29:50+00:00,2024-06-19T13:37:36+00:00,,0.6.1,2024-06-20T13:27:38+00:00,15.081805555555556,low
5332,2024-05-14T06:49:54+00:00,2024-06-20T08:14:00+00:00,,0.6.1,2024-06-20T13:27:38+00:00,37.2762037037037,low
4646,2024-02-11T19:35:51+00:00,2024-06-21T13:27:28+00:00,,0.6.2,2024-07-02T08:26:29+00:00,141.53516203703703,low
4932,2024-03-18T09:29:52+00:00,2024-06-21T13:35:40+00:00,,0.6.2,2024-07-02T08:26:29+00:00,105.9559837962963,low
3287,2023-08-28T12:58:59+00:00,2024-06-21T13:40:03+00:00,,0.6.2,2024-07-02T08:26:29+00:00,308.8107638888889,low
4091,2023-12-05T06:30:32+00:00,2024-06-21T14:01:24+00:00,,0.6.2,2024-07-02T08:26:29+00:00,210.08052083333334,low
3613,2023-10-04T14:43:18+00:00,2024-06-21T14:08:17+00:00,,0.6.2,2024-07-02T08:26:29+00:00,271.73832175925924,low
3585,2023-10-02T14:34:31+00:00,2024-06-22T03:55:55+00:00,,0.6.2,2024-07-02T08:26:29+00:00,273.7444212962963,low
4237,2023-12-28T23:16:25+00:00,2024-06-22T04:21:07+00:00,,0.6.2,2024-07-02T08:26:29+00:00,186.38199074074075,low
3865,2023-11-02T05:43:49+00:00,2024-06-22T04:32:11+00:00,,0.6.2,2024-07-02T08:26:29+00:00,243.11296296296297,low
3492,2023-09-21T10:38:19+00:00,2024-06-22T07:23:20+00:00,,0.6.2,2024-07-02T08:26:29+00:00,284.9084490740741,low
3096,2023-08-01T15:05:29+00:00,2024-06-22T07:41:51+00:00,fbb175335055e1ed9f3bd8a5aaff86feab55d5a0,0.2.9,2023-08-10T13:40:01+00:00,8.940648148148147,medium
2276,2023-04-17T12:46:54+00:00,2024-06-22T08:03:47+00:00,,0.6.2,2024-07-02T08:26:29+00:00,441.8191550925926,low
4862,2024-03-10T08:00:28+00:00,2024-06-23T12:56:42+00:00,,0.6.2,2024-07-02T08:26:29+00:00,114.01806712962963,low
2904,2023-06-27T05:54:32+00:00,2024-06-25T18:07:44+00:00,,0.6.2,2024-07-02T08:26:29+00:00,371.10552083333334,low
5472,2024-06-05T06:49:57+00:00,2024-06-25T18:08:02+00:00,,0.6.2,2024-07-02T08:26:29+00:00,27.067037037037036,low
3824,2023-10-29T08:31:00+00:00,2024-07-02T12:28:47+00:00,,0.6.3,2024-07-08T07:15:04+00:00,252.9472685185185,low
3964,2023-11-19T13:13:29+00:00,2024-07-02T12:29:11+00:00,,0.6.3,2024-07-08T07:15:04+00:00,231.75109953703705,low
4959,2024-03-21T10:41:51+00:00,2024-07-02T12:31:29+00:00,,0.6.3,2024-07-08T07:15:04+00:00,108.85640046296297,low
4767,2024-02-28T08:33:16+00:00,2024-07-03T03:09:01+00:00,,0.6.3,2024-07-08T07:15:04+00:00,130.94569444444446,low
5579,2024-06-19T13:27:36+00:00,2024-07-03T17:55:47+00:00,,0.6.3,2024-07-08T07:15:04+00:00,18.741296296296298,low
5765,2024-07-19T21:55:21+00:00,2024-07-22T08:46:48+00:00,,0.6.5,2024-07-24T06:55:02+00:00,4.374780092592593,low
5424,2024-05-28T03:14:02+00:00,2024-07-30T07:28:43+00:00,,0.6.6,2024-07-30T12:28:42+00:00,63.385185185185186,low
5965,2024-08-14T13:55:57+00:00,2024-08-17T03:04:57+00:00,,0.6.8,2024-09-02T11:05:13+00:00,18.881435185185186,low
4290,2024-01-03T02:42:12+00:00,2024-08-22T03:23:01+00:00,,0.6.8,2024-09-02T11:05:13+00:00,243.34931712962964,low
4623,2024-02-07T07:54:55+00:00,2024-08-22T03:25:25+00:00,,0.6.8,2024-09-02T11:05:13+00:00,208.13215277777778,low
5191,2024-04-23T06:48:21+00:00,2024-08-22T03:49:24+00:00,,0.6.8,2024-09-02T11:05:13+00:00,132.17837962962963,low
6100,2024-08-28T21:59:06+00:00,2024-08-30T08:12:17+00:00,,0.6.8,2024-09-02T11:05:13+00:00,4.545914351851851,low
6043,2024-08-22T13:16:58+00:00,2024-09-01T08:06:59+00:00,6ce77aea3e6c770dbe4ede9f9eac267843d3ff08,0.6.8,2024-09-02T11:05:13+00:00,10.908506944444444,medium
6055,2024-08-24T04:12:02+00:00,2024-09-05T05:55:38+00:00,1c6e709c820d5aab148f921ec24e7e865a4817e9,0.6.9,2024-09-10T06:48:01+00:00,17.10832175925926,medium
6112,2024-08-30T03:46:23+00:00,2024-09-05T05:55:38+00:00,1c6e709c820d5aab148f921ec24e7e865a4817e9,0.6.9,2024-09-10T06:48:01+00:00,11.12613425925926,medium
5525,2024-06-12T19:41:46+00:00,2024-09-06T16:20:14+00:00,,0.6.9,2024-09-10T06:48:01+00:00,89.46267361111111,low
6221,2024-09-06T13:46:31+00:00,2024-09-09T04:55:46+00:00,,0.6.9,2024-09-10T06:48:01+00:00,3.709375,low
6262,2024-09-10T01:49:48+00:00,2024-09-10T07:00:31+00:00,,0.7.0,2024-09-24T13:01:58+00:00,14.466782407407408,low
5760,2024-07-19T02:25:23+00:00,2024-09-10T08:32:37+00:00,,0.7.0,2024-09-24T13:01:58+00:00,67.44207175925926,low
5786,2024-07-22T17:46:36+00:00,2024-09-10T13:46:02+00:00,,0.7.0,2024-09-24T13:01:58+00:00,63.802337962962966,low
3218,2023-08-16T18:46:32+00:00,2024-09-12T13:27:41+00:00,,0.7.0,2024-09-24T13:01:58+00:00,404.7607175925926,low
4271,2024-01-01T17:08:33+00:00,2024-09-12T13:31:35+00:00,,0.7.0,2024-09-24T13:01:58+00:00,266.82876157407406,low
6042,2024-08-22T13:12:13+00:00,2024-09-15T20:33:01+00:00,,0.7.0,2024-09-24T13:01:58+00:00,32.99288194444444,low
6303,2024-09-13T11:26:13+00:00,2024-09-16T01:32:33+00:00,7e0de1f69c10c9c921e6a3335afe526f2f9954db,0.7.0,2024-09-24T13:01:58+00:00,11.066493055555556,medium
6208,2024-09-06T03:49:47+00:00,2024-09-18T22:33:14+00:00,,0.7.0,2024-09-24T13:01:58+00:00,18.383460648148148,low
6394,2024-09-24T14:50:12+00:00,2024-09-26T12:16:50+00:00,,0.7.1,2024-10-08T10:31:38+00:00,13.820439814814815,low
3586,2023-10-02T14:36:29+00:00,2024-09-29T12:18:28+00:00,,0.7.1,2024-10-08T10:31:38+00:00,371.8299652777778,low
4238,2023-12-29T00:50:43+00:00,2024-09-30T06:08:23+00:00,,0.7.1,2024-10-08T10:31:38+00:00,284.40341435185184,low
4712,2024-02-23T02:14:09+00:00,2024-09-30T08:00:55+00:00,,0.7.1,2024-10-08T10:31:38+00:00,228.34547453703703,low
4948,2024-03-20T14:25:39+00:00,2024-09-30T08:44:24+00:00,,0.7.1,2024-10-08T10:31:38+00:00,201.83748842592593,low
5359,2024-05-18T09:14:28+00:00,2024-09-30T13:26:55+00:00,,0.7.1,2024-10-08T10:31:38+00:00,143.05358796296295,low
5324,2024-05-13T10:05:34+00:00,2024-09-30T13:58:21+00:00,,0.7.1,2024-10-08T10:31:38+00:00,148.01810185185184,low
5365,2024-05-19T13:19:01+00:00,2024-09-30T14:01:26+00:00,,0.7.1,2024-10-08T10:31:38+00:00,141.88376157407407,low
5435,2024-05-29T09:03:16+00:00,2024-10-01T02:18:04+00:00,,0.7.1,2024-10-08T10:31:38+00:00,132.06136574074074,low
5438,2024-05-30T02:33:11+00:00,2024-10-01T02:27:48+00:00,,0.7.1,2024-10-08T10:31:38+00:00,131.33225694444445,low
5521,2024-06-11T21:23:02+00:00,2024-10-01T03:26:28+00:00,,0.7.1,2024-10-08T10:31:38+00:00,118.54763888888888,low
5548,2024-06-17T02:24:06+00:00,2024-10-01T03:29:12+00:00,,0.7.1,2024-10-08T10:31:38+00:00,113.33856481481482,low
5426,2024-05-28T13:49:58+00:00,2024-10-01T04:53:45+00:00,,0.7.1,2024-10-08T10:31:38+00:00,132.8622685185185,low
6440,2024-09-30T21:21:25+00:00,2024-10-01T06:07:19+00:00,,0.7.1,2024-10-08T10:31:38+00:00,7.548761574074074,low
6436,2024-09-30T10:09:49+00:00,2024-10-01T07:38:37+00:00,,0.7.1,2024-10-08T10:31:38+00:00,8.015150462962962,low
5661,2024-06-30T13:59:35+00:00,2024-10-01T12:32:52+00:00,,0.7.1,2024-10-08T10:31:38+00:00,99.85559027777778,low
5662,2024-06-30T14:03:48+00:00,2024-10-01T12:33:38+00:00,,0.7.1,2024-10-08T10:31:38+00:00,99.85266203703704,low
5758,2024-07-18T01:52:33+00:00,2024-10-01T13:42:26+00:00,,0.7.1,2024-10-08T10:31:38+00:00,82.36047453703704,low
5880,2024-08-05T14:53:45+00:00,2024-10-02T02:41:30+00:00,,0.7.1,2024-10-08T10:31:38+00:00,63.81797453703704,low
5888,2024-08-06T08:22:41+00:00,2024-10-02T02:45:36+00:00,,0.7.1,2024-10-08T10:31:38+00:00,63.08954861111111,low
5893,2024-08-06T19:13:55+00:00,2024-10-02T02:50:07+00:00,,0.7.1,2024-10-08T10:31:38+00:00,62.63730324074074,low
6077,2024-08-26T12:25:09+00:00,2024-10-02T02:53:19+00:00,,0.7.1,2024-10-08T10:31:38+00:00,42.92116898148148,low
5898,2024-08-07T09:47:52+00:00,2024-10-02T03:02:02+00:00,,0.7.1,2024-10-08T10:31:38+00:00,62.030393518518515,low
5994,2024-08-17T07:33:30+00:00,2024-10-02T04:07:58+00:00,,0.7.1,2024-10-08T10:31:38+00:00,52.123703703703704,low
6040,2024-08-22T09:17:28+00:00,2024-10-02T05:59:34+00:00,,0.7.1,2024-10-08T10:31:38+00:00,47.051504629629626,low
6278,2024-09-11T12:08:10+00:00,2024-10-02T07:06:06+00:00,,0.7.1,2024-10-08T10:31:38+00:00,26.932962962962964,low
5827,2024-07-29T06:26:14+00:00,2024-10-03T01:12:34+00:00,,0.7.1,2024-10-08T10:31:38+00:00,71.17041666666667,low
4966,2024-03-22T11:22:53+00:00,2024-10-03T03:02:36+00:00,,0.7.1,2024-10-08T10:31:38+00:00,199.96440972222223,low
6226,2024-09-07T09:44:05+00:00,2024-10-03T03:44:46+00:00,,0.7.1,2024-10-08T10:31:38+00:00,31.03302083333333,low
6398,2024-09-25T03:58:08+00:00,2024-10-03T05:20:38+00:00,,0.7.1,2024-10-08T10:31:38+00:00,13.27326388888889,low
5501,2024-06-09T12:27:15+00:00,2024-10-03T05:20:48+00:00,,0.7.1,2024-10-08T10:31:38+00:00,120.91971064814815,low
6048,2024-08-23T08:09:17+00:00,2024-10-04T05:26:28+00:00,,0.7.1,2024-10-08T10:31:38+00:00,46.09885416666667,low
6293,2024-09-13T03:23:15+00:00,2024-10-04T05:43:45+00:00,,0.7.1,2024-10-08T10:31:38+00:00,25.297488425925927,low
2346,2023-04-25T07:22:29+00:00,2024-10-08T16:00:02+00:00,,0.7.2,2024-10-22T03:36:07+00:00,545.8428009259259,low
3999,2023-11-24T04:17:58+00:00,2024-10-08T19:26:21+00:00,,0.7.2,2024-10-22T03:36:07+00:00,332.9709375,low
3989,2023-11-22T21:50:03+00:00,2024-10-09T06:44:55+00:00,,0.7.2,2024-10-22T03:36:07+00:00,334.24032407407407,low
1681,2023-01-07T15:54:09+00:00,2024-10-09T12:05:29+00:00,,0.7.2,2024-10-22T03:36:07+00:00,653.4874768518519,low
6249,2024-09-09T11:51:39+00:00,2024-10-09T13:23:44+00:00,,0.7.2,2024-10-22T03:36:07+00:00,42.65587962962963,low
5153,2024-04-17T12:17:48+00:00,2024-10-10T09:57:43+00:00,,0.7.2,2024-10-22T03:36:07+00:00,187.63771990740742,low
5219,2024-04-27T08:18:30+00:00,2024-10-14T12:54:04+00:00,,0.7.2,2024-10-22T03:36:07+00:00,177.80390046296296,low
6414,2024-09-27T03:48:02+00:00,2024-10-15T19:02:48+00:00,,0.7.2,2024-10-22T03:36:07+00:00,24.991724537037037,low
5055,2024-04-04T00:55:08+00:00,2024-10-18T03:17:38+00:00,,0.7.2,2024-10-22T03:36:07+00:00,201.11179398148147,low
4309,2024-01-05T04:26:57+00:00,2024-10-23T00:51:40+00:00,,0.7.3,2024-11-08T03:42:42+00:00,307.9692708333333,low
3496,2023-09-22T01:56:36+00:00,2024-10-23T00:51:40+00:00,,0.7.3,2024-11-08T03:42:42+00:00,413.07368055555554,low
6444,2024-10-01T10:04:03+00:00,2024-11-01T04:56:53+00:00,,0.7.3,2024-11-08T03:42:42+00:00,37.73517361111111,low
6653,2024-10-29T05:43:56+00:00,2024-11-01T06:23:11+00:00,,0.7.3,2024-11-08T03:42:42+00:00,9.915810185185185,low
6765,2024-11-11T12:31:46+00:00,2024-11-14T01:20:19+00:00,,0.7.4,2024-11-19T08:15:52+00:00,7.822291666666667,low
6480,2024-10-04T14:00:27+00:00,2024-11-14T14:02:35+00:00,,0.7.4,2024-11-19T08:15:52+00:00,45.76070601851852,low
6805,2024-11-17T05:46:01+00:00,2024-11-18T02:33:37+00:00,,0.7.4,2024-11-19T08:15:52+00:00,2.1040625,low
6811,2024-11-17T08:16:07+00:00,2024-11-18T06:44:03+00:00,8a7cedd5b428d9e646236ef619d9017f46bc391c,0.7.4,2024-11-19T08:15:52+00:00,1.999826388888889,medium
6832,2024-11-19T13:33:54+00:00,2024-11-20T07:20:58+00:00,,0.7.5,2024-11-26T03:41:47+00:00,6.5888078703703705,low
5626,2024-06-25T20:07:19+00:00,2024-11-23T08:26:38+00:00,,0.7.5,2024-11-26T03:41:47+00:00,153.31560185185185,low
6807,2024-11-17T06:33:40+00:00,2024-11-25T01:41:39+00:00,,0.7.5,2024-11-26T03:41:47+00:00,8.880636574074074,low
6776,2024-11-13T09:17:26+00:00,2024-11-25T02:39:24+00:00,bde14575248fde5b2908f2d280fce923f43755a4,0.7.6,2024-12-03T13:38:55+00:00,20.181585648148147,medium
2452,2023-05-03T13:04:19+00:00,2024-11-28T07:39:39+00:00,,0.7.6,2024-12-03T13:38:55+00:00,580.0240277777777,low
2809,2023-06-15T09:33:13+00:00,2024-11-28T07:39:55+00:00,,0.7.6,2024-12-03T13:38:55+00:00,537.170625,low
5193,2024-04-23T13:13:23+00:00,2024-11-28T07:44:37+00:00,,0.7.6,2024-12-03T13:38:55+00:00,224.0177314814815,low
6945,2024-12-08T12:28:45+00:00,2024-12-09T07:13:38+00:00,,0.7.7,2024-12-10T01:55:32+00:00,1.5602662037037036,low
6524,2024-10-10T09:06:23+00:00,2024-12-09T10:46:32+00:00,,0.7.7,2024-12-10T01:55:32+00:00,60.70079861111111,low
3780,2023-10-25T14:16:40+00:00,2024-12-09T10:52:11+00:00,,0.7.7,2024-12-10T01:55:32+00:00,411.4853240740741,low
3795,2023-10-26T09:46:33+00:00,2024-12-09T13:34:03+00:00,,0.7.7,2024-12-10T01:55:32+00:00,410.6729050925926,low
6955,2024-12-10T03:29:06+00:00,2024-12-12T02:04:51+00:00,,0.7.8,2024-12-18T01:27:19+00:00,7.915428240740741,low
6957,2024-12-10T08:39:58+00:00,2024-12-12T04:51:21+00:00,,0.7.8,2024-12-18T01:27:19+00:00,7.699548611111111,low
6574,2024-10-17T07:25:42+00:00,2024-12-12T21:48:09+00:00,,0.7.8,2024-12-18T01:27:19+00:00,61.75112268518519,low
5711,2024-07-10T02:51:26+00:00,2024-12-15T07:44:04+00:00,,0.7.8,2024-12-18T01:27:19+00:00,160.94158564814813,low
6104,2024-08-29T10:18:34+00:00,2024-12-15T07:46:35+00:00,,0.7.8,2024-12-18T01:27:19+00:00,110.63107638888889,low
6146,2024-08-31T17:47:04+00:00,2024-12-15T07:47:59+00:00,,0.7.8,2024-12-18T01:27:19+00:00,108.31961805555555,low
6251,2024-09-09T11:58:29+00:00,2024-12-15T07:49:45+00:00,,0.7.8,2024-12-18T01:27:19+00:00,99.56168981481481,low
6905,2024-12-02T07:25:19+00:00,2024-12-15T08:00:07+00:00,,0.7.8,2024-12-18T01:27:19+00:00,15.751388888888888,low
6295,2024-09-13T05:59:59+00:00,2024-12-15T08:11:19+00:00,,0.7.8,2024-12-18T01:27:19+00:00,95.81064814814815,low
4568,2024-01-31T16:22:17+00:00,2024-12-24T08:28:33+00:00,,0.7.9,2024-12-30T12:12:54+00:00,333.8268171296296,low
6808,2024-11-17T06:37:34+00:00,2024-12-30T05:18:56+00:00,,0.7.9,2024-12-30T12:12:54+00:00,43.23287037037037,low
4584,2024-02-02T04:35:24+00:00,2024-12-31T03:13:28+00:00,,0.8.0,2025-01-07T10:13:49+00:00,340.23501157407406,low
5186,2024-04-23T02:44:27+00:00,2024-12-31T03:18:23+00:00,,0.8.0,2025-01-07T10:13:49+00:00,259.3120601851852,low
7106,2024-12-31T03:35:29+00:00,2024-12-31T08:02:06+00:00,,0.8.0,2025-01-07T10:13:49+00:00,7.27662037037037,low
7107,2024-12-31T03:50:37+00:00,2024-12-31T08:02:09+00:00,,0.8.0,2025-01-07T10:13:49+00:00,7.266111111111111,low
7105,2024-12-31T03:25:04+00:00,2024-12-31T08:02:10+00:00,,0.8.0,2025-01-07T10:13:49+00:00,7.283854166666667,low
7108,2024-12-31T03:57:04+00:00,2024-12-31T08:02:15+00:00,,0.8.0,2025-01-07T10:13:49+00:00,7.261631944444445,low
6688,2024-11-01T05:04:14+00:00,2024-12-31T08:07:16+00:00,,0.8.0,2025-01-07T10:13:49+00:00,67.21498842592592,low
6302,2024-09-13T11:21:30+00:00,2025-01-03T03:52:07+00:00,,0.8.0,2025-01-07T10:13:49+00:00,115.95299768518518,low
5768,2024-07-20T09:29:34+00:00,2025-01-03T04:06:07+00:00,,0.8.0,2025-01-07T10:13:49+00:00,171.03072916666667,low
5310,2024-05-10T06:58:05+00:00,2025-01-03T04:26:51+00:00,,0.8.0,2025-01-07T10:13:49+00:00,242.13592592592593,low
4225,2023-12-27T18:49:26+00:00,2025-01-03T04:46:54+00:00,,0.8.0,2025-01-07T10:13:49+00:00,376.6419328703704,low
4043,2023-11-29T04:40:18+00:00,2025-01-03T05:22:25+00:00,,0.8.0,2025-01-07T10:13:49+00:00,405.2316087962963,low
3503,2023-09-22T10:31:18+00:00,2025-01-03T05:25:31+00:00,,0.8.0,2025-01-07T10:13:49+00:00,472.9878587962963,low
4046,2023-11-29T17:49:33+00:00,2025-01-03T05:29:45+00:00,,0.8.0,2025-01-07T10:13:49+00:00,404.6835185185185,low
4443,2024-01-22T15:01:45+00:00,2025-01-03T05:40:45+00:00,,0.8.0,2025-01-07T10:13:49+00:00,350.8000462962963,low
4848,2024-03-08T01:33:05+00:00,2025-01-03T05:53:21+00:00,,0.8.0,2025-01-07T10:13:49+00:00,305.36162037037036,low
1704,2023-01-13T20:10:21+00:00,2025-01-03T06:19:15+00:00,,0.8.0,2025-01-07T10:13:49+00:00,724.5857407407408,low
5643,2024-06-27T14:11:00+00:00,2025-01-03T07:07:04+00:00,,0.8.0,2025-01-07T10:13:49+00:00,193.83528935185186,low
5433,2024-05-29T08:03:03+00:00,2025-01-03T07:21:41+00:00,,0.8.0,2025-01-07T10:13:49+00:00,223.09081018518518,low
6358,2024-09-19T22:52:23+00:00,2025-01-03T07:23:01+00:00,,0.8.0,2025-01-07T10:13:49+00:00,109.47321759259259,low
5221,2024-04-27T13:43:47+00:00,2025-01-03T10:30:47+00:00,7bc358d7ac7410864f86552cbf700f0e1bb9167a,0.8.1,2025-01-15T04:37:36+00:00,262.62070601851855,medium
6612,2024-10-23T21:46:51+00:00,2025-01-03T10:32:49+00:00,,0.8.0,2025-01-07T10:13:49+00:00,75.51872685185185,low
6812,2024-11-17T08:20:57+00:00,2025-01-03T14:01:45+00:00,,0.8.0,2025-01-07T10:13:49+00:00,51.07837962962963,low
6813,2024-11-17T08:30:29+00:00,2025-01-03T14:02:07+00:00,,0.8.0,2025-01-07T10:13:49+00:00,51.07175925925926,low
6105,2024-08-29T11:35:01+00:00,2025-01-04T05:45:36+00:00,,0.8.0,2025-01-07T10:13:49+00:00,130.94361111111112,low
6979,2024-12-12T04:03:47+00:00,2025-01-05T20:35:28+00:00,,0.8.0,2025-01-07T10:13:49+00:00,26.25696759259259,low
6147,2024-08-31T21:54:35+00:00,2025-01-07T02:06:08+00:00,,0.8.0,2025-01-07T10:13:49+00:00,128.51335648148148,low
7070,2024-12-27T17:21:32+00:00,2025-01-07T09:56:18+00:00,,0.8.0,2025-01-07T10:13:49+00:00,10.702974537037036,low
6545,2024-10-14T16:27:23+00:00,2025-01-09T06:29:31+00:00,,0.8.1,2025-01-15T04:37:36+00:00,92.5070949074074,low
7192,2025-01-11T23:56:24+00:00,2025-01-13T09:14:32+00:00,0c6d4df14bdd5f1aaa8cc67ac49577deac64843a,0.8.1,2025-01-15T04:37:36+00:00,3.1952777777777777,medium
7202,2025-01-13T19:42:35+00:00,2025-01-14T08:08:02+00:00,ff91c0a9098f5a4f7d102a08d775dc3e472af615,0.8.1,2025-01-15T04:37:36+00:00,1.371539351851852,medium
7214,2025-01-15T03:58:18+00:00,2025-01-25T03:58:03+00:00,,0.8.3,2025-02-05T08:42:37+00:00,21.19744212962963,low
2697,2023-06-04T00:00:56+00:00,2025-01-25T14:36:07+00:00,,0.8.3,2025-02-05T08:42:37+00:00,612.3622800925926,low
7284,2025-01-24T11:40:28+00:00,2025-02-07T06:49:52+00:00,17ae05a623371f483c9cd227ecb4a9022df93abd,0.8.4,2025-02-18T08:51:18+00:00,24.88252314814815,medium
7283,2025-01-24T11:25:29+00:00,2025-02-07T07:12:11+00:00,,0.8.4,2025-02-18T08:51:18+00:00,24.89292824074074,low
3343,2023-09-05T09:33:18+00:00,2025-02-11T13:46:03+00:00,552dba5abea019c7d27986f0f7d18cf68002942c,0.8.4,2025-02-18T08:51:18+00:00,531.9708333333333,medium
7424,2025-02-27T09:29:46+00:00,2025-02-28T07:18:22+00:00,,0.8.5,2025-03-04T12:21:00+00:00,5.118912037037037,low
7474,2025-03-06T19:40:48+00:00,2025-03-07T09:23:28+00:00,,0.8.7,2025-03-19T08:55:17+00:00,12.551724537037037,low
7529,2025-03-13T07:27:43+00:00,2025-03-17T01:36:47+00:00,,0.8.7,2025-03-19T08:55:17+00:00,6.060810185185185,low
4986,2024-03-25T15:55:09+00:00,2025-03-21T03:23:09+00:00,,0.8.8,2025-04-02T08:38:52+00:00,372.697025462963,low
6534,2024-10-12T22:57:25+00:00,2025-03-21T03:53:11+00:00,,0.8.8,2025-04-02T08:38:52+00:00,171.4037847222222,low
6393,2024-09-24T14:42:42+00:00,2025-03-31T13:50:52+00:00,,0.8.8,2025-04-02T08:38:52+00:00,189.74733796296297,low
6304,2024-09-13T21:19:26+00:00,2025-03-31T13:54:44+00:00,,0.8.8,2025-04-02T08:38:52+00:00,200.4718287037037,low
4778,2024-02-28T11:33:17+00:00,2025-03-31T13:59:00+00:00,,0.8.8,2025-04-02T08:38:52+00:00,398.8788773148148,low
7223,2025-01-16T03:08:13+00:00,2025-04-18T04:38:42+00:00,,0.9.1,2025-05-02T13:34:22+00:00,106.4348263888889,low
6514,2024-10-08T21:40:48+00:00,2025-04-18T04:41:54+00:00,,0.9.1,2025-05-02T13:34:22+00:00,205.66219907407407,low
6129,2024-08-30T18:08:57+00:00,2025-04-18T04:44:06+00:00,,0.9.1,2025-05-02T13:34:22+00:00,244.80931712962962,low
5651,2024-06-28T02:54:10+00:00,2025-04-18T04:46:08+00:00,,0.9.1,2025-05-02T13:34:22+00:00,308.44458333333336,low
4969,2024-03-23T09:10:59+00:00,2025-04-18T04:49:12+00:00,,0.9.1,2025-05-02T13:34:22+00:00,405.1829050925926,low
4610,2024-02-06T01:48:57+00:00,2025-04-18T04:51:34+00:00,,0.9.1,2025-05-02T13:34:22+00:00,451.48987268518516,low
6422,2024-09-27T18:43:10+00:00,2025-04-21T02:22:23+00:00,,0.9.1,2025-05-02T13:34:22+00:00,216.78555555555556,low
7248,2025-01-20T09:41:28+00:00,2025-05-28T06:41:36+00:00,,0.9.3,2025-05-28T08:40:31+00:00,127.9576736111111,low
7282,2025-01-24T10:32:10+00:00,2025-05-28T06:43:04+00:00,,0.9.3,2025-05-28T08:40:31+00:00,123.92246527777777,low
6361,2024-09-20T04:20:35+00:00,2025-06-10T15:11:58+00:00,,0.9.4,2025-07-02T12:19:01+00:00,285.33224537037034,low
3040,2023-07-21T13:03:10+00:00,2025-06-11T03:09:30+00:00,,0.9.4,2025-07-02T12:19:01+00:00,711.9693402777777,low
4697,2024-02-21T13:42:11+00:00,2025-06-11T03:10:13+00:00,,0.9.4,2025-07-02T12:19:01+00:00,496.94224537037036,low
6624,2024-10-25T18:09:42+00:00,2025-06-11T03:15:19+00:00,,0.9.4,2025-07-02T12:19:01+00:00,249.75646990740742,low
6838,2024-11-20T21:21:41+00:00,2025-06-11T03:16:12+00:00,,0.9.4,2025-07-02T12:19:01+00:00,223.62314814814815,low
6607,2024-10-23T13:16:59+00:00,2025-06-11T03:18:03+00:00,,0.9.4,2025-07-02T12:19:01+00:00,251.95974537037037,low
4813,2024-03-04T07:31:27+00:00,2025-06-11T03:21:13+00:00,,0.9.4,2025-07-02T12:19:01+00:00,485.1996990740741,low
6659,2024-10-29T11:55:55+00:00,2025-06-11T03:21:59+00:00,,0.9.4,2025-07-02T12:19:01+00:00,246.01604166666667,low
7176,2025-01-08T18:46:21+00:00,2025-06-11T03:36:00+00:00,,0.9.4,2025-07-02T12:19:01+00:00,174.7310185185185,low
7302,2025-01-30T09:08:31+00:00,2025-06-11T07:58:29+00:00,,0.9.4,2025-07-02T12:19:01+00:00,153.13229166666667,low
6060,2024-08-24T16:06:09+00:00,2025-06-12T06:38:53+00:00,,0.9.4,2025-07-02T12:19:01+00:00,311.8422685185185,low
5503,2024-06-10T08:11:16+00:00,2025-06-12T06:44:07+00:00,,0.9.4,2025-07-02T12:19:01+00:00,387.1720486111111,low
5689,2024-07-05T09:46:02+00:00,2025-06-13T03:51:30+00:00,,0.9.4,2025-07-02T12:19:01+00:00,362.10623842592594,low
6385,2024-09-23T06:34:12+00:00,2025-06-13T03:54:55+00:00,,0.9.4,2025-07-02T12:19:01+00:00,282.2394560185185,low
8032,2025-06-05T07:08:44+00:00,2025-06-23T21:02:37+00:00,,0.9.4,2025-07-02T12:19:01+00:00,27.215474537037036,low
8044,2025-06-08T14:54:11+00:00,2025-06-24T05:09:28+00:00,,0.9.4,2025-07-02T12:19:01+00:00,23.89224537037037,low
7690,2025-04-06T14:19:31+00:00,2025-06-24T21:02:14+00:00,,0.9.4,2025-07-02T12:19:01+00:00,86.91631944444444,low
7144,2025-01-05T00:13:42+00:00,2025-06-26T03:32:07+00:00,,0.9.4,2025-07-02T12:19:01+00:00,178.50369212962963,low
6273,2024-09-10T16:31:32+00:00,2025-06-26T08:15:59+00:00,,0.9.4,2025-07-02T12:19:01+00:00,294.8246412037037,low
6448,2024-10-01T20:24:33+00:00,2025-06-26T08:16:11+00:00,,0.9.4,2025-07-02T12:19:01+00:00,273.6628240740741,low
5046,2024-04-03T04:07:44+00:00,2025-06-26T08:16:33+00:00,,0.9.4,2025-07-02T12:19:01+00:00,455.3411689814815,low
5188,2024-04-23T03:38:45+00:00,2025-06-26T08:16:54+00:00,,0.9.4,2025-07-02T12:19:01+00:00,435.3612962962963,low
5363,2024-05-19T10:09:20+00:00,2025-06-26T08:17:22+00:00,,0.9.4,2025-07-02T12:19:01+00:00,409.09005787037034,low
7645,2025-03-29T07:01:55+00:00,2025-06-26T08:18:25+00:00,,0.9.4,2025-07-02T12:19:01+00:00,95.22020833333333,low
7109,2024-12-31T04:00:57+00:00,2025-06-26T08:23:24+00:00,,0.9.4,2025-07-02T12:19:01+00:00,183.34587962962962,low
7184,2025-01-10T01:36:13+00:00,2025-06-26T09:18:06+00:00,,0.9.4,2025-07-02T12:19:01+00:00,173.4463888888889,low
8086,2025-06-27T05:04:52+00:00,2025-07-02T02:38:33+00:00,,0.9.4,2025-07-02T12:19:01+00:00,5.3014930555555555,low
5690,2024-07-05T20:11:05+00:00,2025-09-02T04:44:32+00:00,,0.9.9,2025-09-11T07:54:09+00:00,432.48824074074076,low
5884,2024-08-06T04:30:32+00:00,2025-09-02T04:44:32+00:00,,0.9.9,2025-09-11T07:54:09+00:00,401.14140046296296,low
6959,2024-12-10T10:51:17+00:00,2025-09-02T04:44:32+00:00,,0.9.9,2025-09-11T07:54:09+00:00,274.8769907407407,low
7487,2025-03-09T08:27:07+00:00,2025-09-02T04:44:33+00:00,,0.9.9,2025-09-11T07:54:09+00:00,185.97710648148148,low
7431,2025-02-28T07:54:20+00:00,2025-09-02T04:48:01+00:00,,0.9.9,2025-09-11T07:54:09+00:00,194.99987268518518,low
6033,2024-08-21T16:04:29+00:00,2025-09-02T04:49:04+00:00,,0.9.9,2025-09-11T07:54:09+00:00,385.65949074074075,low
5724,2024-07-12T02:11:12+00:00,2025-09-05T06:17:23+00:00,,0.9.9,2025-09-11T07:54:09+00:00,426.23815972222224,low
6848,2024-11-23T16:11:20+00:00,2025-09-05T06:58:55+00:00,,0.9.9,2025-09-11T07:54:09+00:00,291.6547337962963,low
7212,2025-01-14T16:08:03+00:00,2025-09-05T07:11:57+00:00,,0.9.9,2025-09-11T07:54:09+00:00,239.65701388888888,low
7188,2025-01-10T11:07:26+00:00,2025-09-05T07:12:33+00:00,,0.9.9,2025-09-11T07:54:09+00:00,243.86577546296297,low
7381,2025-02-13T15:43:23+00:00,2025-09-05T07:16:23+00:00,,0.9.9,2025-09-11T07:54:09+00:00,209.67414351851852,low
7436,2025-03-01T23:04:18+00:00,2025-09-05T07:17:01+00:00,,0.9.9,2025-09-11T07:54:09+00:00,193.36795138888888,low
7589,2025-03-23T11:59:53+00:00,2025-09-05T07:22:21+00:00,,0.9.9,2025-09-11T07:54:09+00:00,171.82935185185184,low
7722,2025-04-10T15:30:58+00:00,2025-09-05T07:25:40+00:00,,0.9.9,2025-09-11T07:54:09+00:00,153.6827662037037,low
7677,2025-04-03T06:59:47+00:00,2025-09-05T07:26:49+00:00,,0.9.9,2025-09-11T07:54:09+00:00,161.03775462962963,low
7112,2024-12-31T05:17:11+00:00,2025-09-05T07:33:12+00:00,,0.9.9,2025-09-11T07:54:09+00:00,254.10900462962962,low
5032,2024-04-02T02:43:48+00:00,2025-09-23T07:31:14+00:00,,0.10.0,2025-09-29T12:29:14+00:00,545.4065509259259,low
8137,2025-07-25T06:31:49+00:00,2025-09-30T06:31:37+00:00,,0.10.1,2025-10-16T04:07:09+00:00,82.89953703703704,low
5377,2024-05-21T03:53:43+00:00,2025-10-02T06:19:13+00:00,,0.10.1,2025-10-16T04:07:09+00:00,513.0093287037037,low
8263,2025-10-08T03:20:22+00:00,2025-10-10T08:49:21+00:00,,0.10.1,2025-10-16T04:07:09+00:00,8.032488425925926,low
4041,2023-11-28T23:49:03+00:00,2025-10-15T03:16:29+00:00,,0.10.1,2025-10-16T04:07:09+00:00,687.1792361111111,low
6986,2024-12-15T05:11:01+00:00,2025-10-15T03:18:29+00:00,,0.10.1,2025-10-16T04:07:09+00:00,304.95564814814816,low
5297,2024-05-09T12:47:26+00:00,2025-10-15T03:21:26+00:00,,0.10.1,2025-10-16T04:07:09+00:00,524.6386921296296,low
6200,2024-09-05T11:07:23+00:00,2025-10-15T03:23:52+00:00,,0.10.1,2025-10-16T04:07:09+00:00,405.7081712962963,low
6053,2024-08-24T03:01:57+00:00,2025-11-04T05:51:38+00:00,,0.10.4,2025-11-14T12:16:11+00:00,447.38488425925925,low
6411,2024-09-26T14:15:05+00:00,2025-11-05T08:56:24+00:00,,0.10.4,2025-11-14T12:16:11+00:00,413.91743055555554,low
7949,2025-05-19T11:33:17+00:00,2025-11-05T08:56:24+00:00,,0.10.4,2025-11-14T12:16:11+00:00,179.02979166666665,low
4736,2024-02-25T18:45:20+00:00,2025-11-06T14:28:45+00:00,,0.10.4,2025-11-14T12:16:11+00:00,627.7297569444445,low
8312,2025-10-27T05:24:57+00:00,2025-12-05T03:49:25+00:00,,0.10.6,2025-12-05T08:23:26+00:00,39.12394675925926,low
8132,2025-07-23T06:52:39+00:00,2025-12-05T04:25:01+00:00,,0.10.6,2025-12-05T08:23:26+00:00,135.06304398148148,low
7927,2025-05-13T08:24:15+00:00,2025-12-05T04:28:30+00:00,,0.10.6,2025-12-05T08:23:26+00:00,205.99943287037038,low
6195,2024-09-05T06:11:49+00:00,2025-12-05T04:46:53+00:00,,0.10.6,2025-12-05T08:23:26+00:00,456.09140046296295,low
6677,2024-10-30T17:16:22+00:00,2025-12-05T04:54:05+00:00,,0.10.6,2025-12-05T08:23:26+00:00,400.6299074074074,low
8126,2025-07-17T07:13:06+00:00,2025-12-05T05:06:11+00:00,,0.10.6,2025-12-05T08:23:26+00:00,141.0488425925926,low
8310,2025-10-27T01:15:55+00:00,2025-12-08T14:49:42+00:00,,0.10.7,2025-12-20T02:49:32+00:00,54.06501157407408,low
7819,2025-04-23T21:29:23+00:00,2025-12-08T15:00:57+00:00,,0.10.7,2025-12-20T02:49:32+00:00,240.2223263888889,low
7798,2025-04-21T11:37:27+00:00,2025-12-08T15:01:26+00:00,,0.10.7,2025-12-20T02:49:32+00:00,242.6333912037037,low
7795,2025-04-21T07:09:28+00:00,2025-12-08T15:04:35+00:00,,0.10.7,2025-12-20T02:49:32+00:00,242.81949074074075,low
7619,2025-03-25T16:11:38+00:00,2025-12-08T15:07:02+00:00,,0.10.7,2025-12-20T02:49:32+00:00,269.4429861111111,low
7878,2025-05-04T00:54:30+00:00,2025-12-08T15:41:02+00:00,,0.10.7,2025-12-20T02:49:32+00:00,230.07988425925927,low
8009,2025-06-02T00:55:56+00:00,2025-12-08T15:41:12+00:00,,0.10.7,2025-12-20T02:49:32+00:00,201.07888888888888,low
7395,2025-02-17T21:47:50+00:00,2025-12-09T02:58:51+00:00,,0.10.7,2025-12-20T02:49:32+00:00,305.20951388888886,low
7416,2025-02-25T03:16:17+00:00,2025-12-09T02:59:17+00:00,,0.10.7,2025-12-20T02:49:32+00:00,297.9814236111111,low
7390,2025-02-17T03:25:06+00:00,2025-12-09T03:22:49+00:00,,0.10.7,2025-12-20T02:49:32+00:00,305.9753009259259,low
7593,2025-03-23T20:26:26+00:00,2025-12-09T12:03:24+00:00,,0.10.7,2025-12-20T02:49:32+00:00,271.2660416666667,low
7520,2025-03-13T01:49:04+00:00,2025-12-09T12:03:30+00:00,,0.10.7,2025-12-20T02:49:32+00:00,282.04199074074074,low
6972,2024-12-11T22:06:08+00:00,2025-12-09T12:10:25+00:00,,0.10.7,2025-12-20T02:49:32+00:00,373.19680555555556,low
6940,2024-12-07T09:44:34+00:00,2025-12-09T12:10:53+00:00,,0.10.7,2025-12-20T02:49:32+00:00,377.7117824074074,low
6878,2024-11-28T14:53:46+00:00,2025-12-09T12:11:33+00:00,,0.10.7,2025-12-20T02:49:32+00:00,386.4970601851852,low
7098,2024-12-30T11:34:37+00:00,2025-12-09T12:12:21+00:00,,0.10.7,2025-12-20T02:49:32+00:00,354.6353587962963,low
6748,2024-11-08T06:06:06+00:00,2025-12-09T13:23:19+00:00,,0.10.7,2025-12-20T02:49:32+00:00,406.86349537037034,low
6699,2024-11-01T21:09:02+00:00,2025-12-09T13:39:46+00:00,,0.10.7,2025-12-20T02:49:32+00:00,413.23645833333336,low
4607,2024-02-05T13:48:04+00:00,2025-12-10T01:49:57+00:00,,0.10.7,2025-12-20T02:49:32+00:00,683.5426851851852,low
8296,2025-10-15T14:32:39+00:00,2025-12-10T14:44:19+00:00,,0.10.7,2025-12-20T02:49:32+00:00,65.51172453703704,low
8133,2025-07-23T09:54:17+00:00,2025-12-10T15:05:25+00:00,,0.10.7,2025-12-20T02:49:32+00:00,149.70503472222222,low
7611,2025-03-25T12:24:31+00:00,2025-12-10T15:07:30+00:00,,0.10.7,2025-12-20T02:49:32+00:00,269.6007060185185,low
7345,2025-02-09T17:52:42+00:00,2025-12-10T15:29:43+00:00,,0.10.7,2025-12-20T02:49:32+00:00,313.3728009259259,low
7545,2025-03-14T17:17:22+00:00,2025-12-11T14:25:26+00:00,,0.10.7,2025-12-20T02:49:32+00:00,280.397337962963,low
7377,2025-02-13T09:26:27+00:00,2025-12-11T14:26:33+00:00,,0.10.7,2025-12-20T02:49:32+00:00,309.7243634259259,low
6876,2024-11-28T14:41:35+00:00,2025-12-11T14:37:44+00:00,,0.10.7,2025-12-20T02:49:32+00:00,386.5055208333333,low
7851,2025-04-28T19:59:17+00:00,2025-12-18T09:12:13+00:00,,0.10.7,2025-12-20T02:49:32+00:00,235.28489583333334,low
7074,2024-12-28T05:27:13+00:00,2025-12-18T12:38:07+00:00,,0.10.7,2025-12-20T02:49:32+00:00,356.8904976851852,low
6770,2024-11-12T16:23:01+00:00,2025-12-18T12:42:15+00:00,,0.10.7,2025-12-20T02:49:32+00:00,402.43508101851853,low
6564,2024-10-16T15:10:32+00:00,2025-12-18T12:44:49+00:00,,0.10.7,2025-12-20T02:49:32+00:00,429.48541666666665,low
3834,2023-10-30T09:00:34+00:00,2025-12-21T04:30:41+00:00,,0.10.8,2025-12-22T07:25:22+00:00,783.9338888888889,low
3976,2023-11-21T08:34:28+00:00,2025-12-21T04:32:23+00:00,,0.10.8,2025-12-22T07:25:22+00:00,761.9520138888889,low
3975,2023-11-21T07:50:16+00:00,2025-12-21T04:33:10+00:00,,0.10.8,2025-12-22T07:25:22+00:00,761.9827083333333,low
3932,2023-11-13T15:52:50+00:00,2025-12-21T04:33:26+00:00,,0.10.8,2025-12-22T07:25:22+00:00,769.6475925925926,low
5130,2024-04-14T07:41:53+00:00,2025-12-21T04:37:30+00:00,,0.10.8,2025-12-22T07:25:22+00:00,616.9885300925926,low
5775,2024-07-22T02:14:40+00:00,2025-12-21T05:01:05+00:00,,0.10.8,2025-12-22T07:25:22+00:00,518.2157638888889,low
5774,2024-07-21T23:48:49+00:00,2025-12-21T05:02:06+00:00,,0.10.8,2025-12-22T07:25:22+00:00,518.3170486111111,low
6002,2024-08-18T09:01:48+00:00,2025-12-21T05:05:22+00:00,,0.10.8,2025-12-22T07:25:22+00:00,490.9330324074074,low
6349,2024-09-18T17:00:51+00:00,2025-12-21T05:06:00+00:00,,0.10.8,2025-12-22T07:25:22+00:00,459.6003587962963,low
6269,2024-09-10T13:30:31+00:00,2025-12-21T05:06:21+00:00,,0.10.8,2025-12-22T07:25:22+00:00,467.7464236111111,low
6663,2024-10-29T14:54:13+00:00,2025-12-21T05:11:16+00:00,,0.10.8,2025-12-22T07:25:22+00:00,418.6882986111111,low
7386,2025-02-14T17:53:43+00:00,2025-12-21T06:07:46+00:00,,0.10.8,2025-12-22T07:25:22+00:00,310.56364583333334,low
6498,2024-10-07T10:46:38+00:00,2025-12-21T06:08:53+00:00,,0.10.8,2025-12-22T07:25:22+00:00,440.8602314814815,low
6499,2024-10-07T10:57:11+00:00,2025-12-21T06:09:10+00:00,,0.10.8,2025-12-22T07:25:22+00:00,440.8529050925926,low
7941,2025-05-16T18:30:27+00:00,2025-12-21T06:17:41+00:00,,0.10.8,2025-12-22T07:25:22+00:00,219.5381365740741,low
7486,2025-03-09T08:08:12+00:00,2025-12-21T06:26:17+00:00,,0.10.8,2025-12-22T07:25:22+00:00,287.9702546296296,low
8199,2025-08-29T00:52:04+00:00,2025-12-21T06:28:51+00:00,,0.10.8,2025-12-22T07:25:22+00:00,115.273125,low
8186,2025-08-26T07:41:07+00:00,2025-12-21T06:31:21+00:00,,0.10.8,2025-12-22T07:25:22+00:00,117.9890625,low
7769,2025-04-17T02:25:55+00:00,2025-12-22T01:50:50+00:00,,0.10.8,2025-12-22T07:25:22+00:00,249.2079513888889,low
3338,2023-09-05T03:47:24+00:00,2025-12-22T02:03:25+00:00,,0.10.8,2025-12-22T07:25:22+00:00,839.1513657407407,low
7309,2025-02-02T04:09:29+00:00,2025-12-22T02:03:39+00:00,,0.10.8,2025-12-22T07:25:22+00:00,323.1360300925926,low
8069,2025-06-16T18:12:42+00:00,2025-12-22T02:04:15+00:00,,0.10.8,2025-12-22T07:25:22+00:00,188.55046296296297,low
8343,2025-11-14T17:32:53+00:00,2025-12-22T02:04:37+00:00,,0.10.8,2025-12-22T07:25:22+00:00,37.57811342592593,low
7592,2025-03-23T19:58:30+00:00,2025-12-25T06:55:37+00:00,,0.10.9,2026-01-09T12:05:15+00:00,291.6713541666667,low
3721,2023-10-18T01:33:03+00:00,2025-12-25T07:29:24+00:00,,0.10.9,2026-01-09T12:05:15+00:00,814.4390277777778,low
5635,2024-06-27T00:16:54+00:00,2026-01-13T03:14:54+00:00,,0.11.1,2026-01-28T09:20:38+00:00,580.3775925925926,low
7480,2025-03-07T10:43:26+00:00,2026-03-11T08:07:06+00:00,,0.11.5,2026-03-26T07:36:26+00:00,383.8701388888889,low
3856,2023-11-01T08:49:48+00:00,2026-03-11T08:16:30+00:00,,0.11.5,2026-03-26T07:36:26+00:00,875.9490509259259,low
3434,2023-09-18T22:41:43+00:00,2026-03-13T07:32:51+00:00,,0.11.5,2026-03-26T07:36:26+00:00,919.3713310185185,low
8572,2026-03-13T13:32:14+00:00,2026-03-24T05:25:45+00:00,,0.11.5,2026-03-26T07:36:26+00:00,12.752916666666666,low
8581,2026-03-16T03:16:45+00:00,2026-03-24T13:54:41+00:00,,0.11.5,2026-03-26T07:36:26+00:00,10.180335648148148,low
7729,2025-04-11T08:10:02+00:00,2026-03-30T02:20:15+00:00,,0.11.6,2026-04-01T08:44:34+00:00,355.0239814814815,low
8390,2025-12-14T13:52:49+00:00,2026-03-31T08:26:05+00:00,,0.11.6,2026-04-01T08:44:34+00:00,107.7859375,low
8370,2025-11-29T07:37:16+00:00,2026-03-31T08:30:50+00:00,,0.11.6,2026-04-01T08:44:34+00:00,123.04673611111112,low
3483,2023-09-20T15:01:58+00:00,2026-04-01T03:15:52+00:00,,0.11.6,2026-04-01T08:44:34+00:00,923.7379166666667,low
5406,2024-05-25T10:23:19+00:00,2026-04-01T03:41:00+00:00,,0.11.6,2026-04-01T08:44:34+00:00,675.9314236111111,low
5863,2024-08-02T04:24:17+00:00,2026-04-01T03:43:41+00:00,,0.11.6,2026-04-01T08:44:34+00:00,607.1807523148149,low
6724,2024-11-05T07:12:57+00:00,2026-04-01T09:30:39+00:00,,0.11.7,2026-04-08T01:36:22+00:00,518.7662615740741,low
5866,2024-08-02T07:54:19+00:00,2026-04-02T03:24:50+00:00,,0.11.7,2026-04-08T01:36:22+00:00,613.7375347222222,low
8065,2025-06-15T04:03:52+00:00,2026-04-02T03:25:17+00:00,,0.11.7,2026-04-08T01:36:22+00:00,296.89756944444446,low
8570,2026-03-13T13:26:32+00:00,2026-04-07T01:44:40+00:00,,0.11.7,2026-04-08T01:36:22+00:00,25.506828703703704,low
8615,2026-04-01T01:51:36+00:00,2026-04-10T07:47:16+00:00,,0.11.8,2026-04-24T09:48:29+00:00,23.331168981481483,low
8659,2026-04-11T15:39:10+00:00,2026-04-14T07:11:44+00:00,,0.11.8,2026-04-24T09:48:29+00:00,12.756469907407407,low
8610,2026-03-29T11:04:15+00:00,2026-04-15T03:42:20+00:00,,0.11.8,2026-04-24T09:48:29+00:00,25.94738425925926,low
8651,2026-04-06T14:11:22+00:00,2026-04-22T02:43:21+00:00,,0.11.8,2026-04-24T09:48:29+00:00,17.81744212962963,low
8383,2025-12-08T09:38:32+00:00,2026-05-06T03:40:40+00:00,,0.11.9,2026-05-12T04:32:49+00:00,154.78769675925926,low
8441,2026-01-19T21:05:35+00:00,2026-05-07T02:51:44+00:00,,0.11.9,2026-05-12T04:32:49+00:00,112.3105787037037,low
7928,2025-05-13T10:46:35+00:00,2026-05-08T03:06:35+00:00,,0.11.9,2026-05-12T04:32:49+00:00,363.7404398148148,low
7287,2025-01-25T08:16:59+00:00,2026-05-08T03:10:36+00:00,,0.11.9,2026-05-12T04:32:49+00:00,471.8443287037037,low
7325,2025-01-26T10:57:46+00:00,2026-05-08T03:10:47+00:00,,0.11.9,2026-05-12T04:32:49+00:00,470.7326736111111,low
6426,2024-09-29T09:51:36+00:00,2026-05-08T03:22:01+00:00,,0.11.9,2026-05-12T04:32:49+00:00,589.7786226851852,low
6536,2024-10-13T06:38:30+00:00,2026-05-08T03:45:12+00:00,,0.11.9,2026-05-12T04:32:49+00:00,575.9127199074074,low
8687,2026-05-02T15:12:01+00:00,2026-05-08T08:42:17+00:00,,0.11.9,2026-05-12T04:32:49+00:00,9.556111111111111,low
