repository_slug,repository_name,repository_full_name,period,metric_name,metric_value,metric_note
appflowy,AppFlowy,AppFlowy-IO/AppFlowy,2022-02,deployment_frequency,1.0,
appflowy,AppFlowy,AppFlowy-IO/AppFlowy,2022-06,deployment_frequency,1.0,
appflowy,AppFlowy,AppFlowy-IO/AppFlowy,2022-09,deployment_frequency,1.0,
appflowy,AppFlowy,AppFlowy-IO/AppFlowy,2022-10,deployment_frequency,1.0,
appflowy,AppFlowy,AppFlowy-IO/AppFlowy,2022-11,deployment_frequency,2.0,
appflowy,AppFlowy,AppFlowy-IO/AppFlowy,2022-12,deployment_frequency,1.0,
appflowy,AppFlowy,AppFlowy-IO/AppFlowy,2023-02,deployment_frequency,1.0,
appflowy,AppFlowy,AppFlowy-IO/AppFlowy,2023-03,deployment_frequency,2.0,
appflowy,AppFlowy,AppFlowy-IO/AppFlowy,2023-04,deployment_frequency,1.0,
appflowy,AppFlowy,AppFlowy-IO/AppFlowy,2023-05,deployment_frequency,3.0,
appflowy,AppFlowy,AppFlowy-IO/AppFlowy,2023-06,deployment_frequency,5.0,
appflowy,AppFlowy,AppFlowy-IO/AppFlowy,2023-07,deployment_frequency,3.0,
appflowy,AppFlowy,AppFlowy-IO/AppFlowy,2023-08,deployment_frequency,3.0,
appflowy,AppFlowy,AppFlowy-IO/AppFlowy,2023-09,deployment_frequency,3.0,
appflowy,AppFlowy,AppFlowy-IO/AppFlowy,2023-10,deployment_frequency,4.0,
appflowy,AppFlowy,AppFlowy-IO/AppFlowy,2023-11,deployment_frequency,1.0,
appflowy,AppFlowy,AppFlowy-IO/AppFlowy,2023-12,deployment_frequency,2.0,
appflowy,AppFlowy,AppFlowy-IO/AppFlowy,2024-01,deployment_frequency,3.0,
appflowy,AppFlowy,AppFlowy-IO/AppFlowy,2024-02,deployment_frequency,6.0,
appflowy,AppFlowy,AppFlowy-IO/AppFlowy,2024-03,deployment_frequency,3.0,
appflowy,AppFlowy,AppFlowy-IO/AppFlowy,2024-04,deployment_frequency,2.0,
appflowy,AppFlowy,AppFlowy-IO/AppFlowy,2024-05,deployment_frequency,3.0,
appflowy,AppFlowy,AppFlowy-IO/AppFlowy,2024-06,deployment_frequency,2.0,
appflowy,AppFlowy,AppFlowy-IO/AppFlowy,2024-07,deployment_frequency,5.0,
appflowy,AppFlowy,AppFlowy-IO/AppFlowy,2024-08,deployment_frequency,1.0,
appflowy,AppFlowy,AppFlowy-IO/AppFlowy,2024-09,deployment_frequency,3.0,
appflowy,AppFlowy,AppFlowy-IO/AppFlowy,2024-10,deployment_frequency,2.0,
appflowy,AppFlowy,AppFlowy-IO/AppFlowy,2024-11,deployment_frequency,3.0,
appflowy,AppFlowy,AppFlowy-IO/AppFlowy,2024-12,deployment_frequency,4.0,
appflowy,AppFlowy,AppFlowy-IO/AppFlowy,2025-01,deployment_frequency,3.0,
appflowy,AppFlowy,AppFlowy-IO/AppFlowy,2025-02,deployment_frequency,2.0,
appflowy,AppFlowy,AppFlowy-IO/AppFlowy,2025-03,deployment_frequency,3.0,
appflowy,AppFlowy,AppFlowy-IO/AppFlowy,2025-04,deployment_frequency,2.0,
appflowy,AppFlowy,AppFlowy-IO/AppFlowy,2025-05,deployment_frequency,3.0,
appflowy,AppFlowy,AppFlowy-IO/AppFlowy,2025-07,deployment_frequency,2.0,
appflowy,AppFlowy,AppFlowy-IO/AppFlowy,2025-08,deployment_frequency,3.0,
appflowy,AppFlowy,AppFlowy-IO/AppFlowy,2025-09,deployment_frequency,2.0,
appflowy,AppFlowy,AppFlowy-IO/AppFlowy,2025-10,deployment_frequency,3.0,
appflowy,AppFlowy,AppFlowy-IO/AppFlowy,2025-11,deployment_frequency,1.0,
appflowy,AppFlowy,AppFlowy-IO/AppFlowy,2025-12,deployment_frequency,4.0,
appflowy,AppFlowy,AppFlowy-IO/AppFlowy,2022-06,lead_time_days_mean,58.75490220610286,
appflowy,AppFlowy,AppFlowy-IO/AppFlowy,2022-09,lead_time_days_mean,35.77084811175805,
appflowy,AppFlowy,AppFlowy-IO/AppFlowy,2022-11,lead_time_days_mean,19.87603209579772,
appflowy,AppFlowy,AppFlowy-IO/AppFlowy,2022-12,lead_time_days_mean,12.167420413325697,
appflowy,AppFlowy,AppFlowy-IO/AppFlowy,2023-02,lead_time_days_mean,25.671087546629366,
appflowy,AppFlowy,AppFlowy-IO/AppFlowy,2023-03,lead_time_days_mean,2.0419745370370372,
appflowy,AppFlowy,AppFlowy-IO/AppFlowy,2023-05,lead_time_days_mean,6.720481257467145,
appflowy,AppFlowy,AppFlowy-IO/AppFlowy,2023-06,lead_time_days_mean,1.841678895877009,
appflowy,AppFlowy,AppFlowy-IO/AppFlowy,2023-07,lead_time_days_mean,4.169095201352146,
appflowy,AppFlowy,AppFlowy-IO/AppFlowy,2023-08,lead_time_days_mean,4.3374292273831205,
appflowy,AppFlowy,AppFlowy-IO/AppFlowy,2023-09,lead_time_days_mean,4.699268922018349,
appflowy,AppFlowy,AppFlowy-IO/AppFlowy,2023-10,lead_time_days_mean,4.51823905109489,
appflowy,AppFlowy,AppFlowy-IO/AppFlowy,2023-11,lead_time_days_mean,6.652918044532628,
appflowy,AppFlowy,AppFlowy-IO/AppFlowy,2023-12,lead_time_days_mean,9.708554456018518,
appflowy,AppFlowy,AppFlowy-IO/AppFlowy,2024-01,lead_time_days_mean,4.997850605413106,
appflowy,AppFlowy,AppFlowy-IO/AppFlowy,2024-02,lead_time_days_mean,4.524150641025641,
appflowy,AppFlowy,AppFlowy-IO/AppFlowy,2024-03,lead_time_days_mean,5.861877664535039,
appflowy,AppFlowy,AppFlowy-IO/AppFlowy,2024-04,lead_time_days_mean,7.5237301722829395,
appflowy,AppFlowy,AppFlowy-IO/AppFlowy,2024-05,lead_time_days_mean,5.059813368055556,
appflowy,AppFlowy,AppFlowy-IO/AppFlowy,2024-06,lead_time_days_mean,6.001923094210715,
appflowy,AppFlowy,AppFlowy-IO/AppFlowy,2024-07,lead_time_days_mean,2.742951225873761,
appflowy,AppFlowy,AppFlowy-IO/AppFlowy,2024-08,lead_time_days_mean,5.9439718364197525,
appflowy,AppFlowy,AppFlowy-IO/AppFlowy,2024-09,lead_time_days_mean,7.1744028175170875,
appflowy,AppFlowy,AppFlowy-IO/AppFlowy,2024-10,lead_time_days_mean,6.548309733072917,
appflowy,AppFlowy,AppFlowy-IO/AppFlowy,2024-11,lead_time_days_mean,5.773540991512346,
appflowy,AppFlowy,AppFlowy-IO/AppFlowy,2025-01,lead_time_days_mean,2.6386988587424636,
appflowy,AppFlowy,AppFlowy-IO/AppFlowy,2025-02,lead_time_days_mean,2.5447280092592592,
appflowy,AppFlowy,AppFlowy-IO/AppFlowy,2025-03,lead_time_days_mean,4.498294516880827,
appflowy,AppFlowy,AppFlowy-IO/AppFlowy,2025-04,lead_time_days_mean,5.985452552420146,
appflowy,AppFlowy,AppFlowy-IO/AppFlowy,2025-05,lead_time_days_mean,9.45923082010582,
appflowy,AppFlowy,AppFlowy-IO/AppFlowy,2025-07,lead_time_days_mean,12.803258101851851,
appflowy,AppFlowy,AppFlowy-IO/AppFlowy,2025-08,lead_time_days_mean,18.79870701058201,
appflowy,AppFlowy,AppFlowy-IO/AppFlowy,2025-09,lead_time_days_mean,26.593985339506176,
appflowy,AppFlowy,AppFlowy-IO/AppFlowy,2025-10,lead_time_days_mean,41.670964506172844,
appflowy,AppFlowy,AppFlowy-IO/AppFlowy,2025-11,lead_time_days_mean,17.23349922839506,
appflowy,AppFlowy,AppFlowy-IO/AppFlowy,2025-12,lead_time_days_mean,25.879560185185188,
appflowy,AppFlowy,AppFlowy-IO/AppFlowy,2022-06,lead_time_days_median,58.197743055555556,
appflowy,AppFlowy,AppFlowy-IO/AppFlowy,2022-09,lead_time_days_median,30.97482638888889,
appflowy,AppFlowy,AppFlowy-IO/AppFlowy,2022-11,lead_time_days_median,20.246128472222225,
appflowy,AppFlowy,AppFlowy-IO/AppFlowy,2022-12,lead_time_days_median,12.941736111111112,
appflowy,AppFlowy,AppFlowy-IO/AppFlowy,2023-02,lead_time_days_median,30.101087962962964,
appflowy,AppFlowy,AppFlowy-IO/AppFlowy,2023-03,lead_time_days_median,1.0570023148148149,
appflowy,AppFlowy,AppFlowy-IO/AppFlowy,2023-05,lead_time_days_median,3.8052546296296295,
appflowy,AppFlowy,AppFlowy-IO/AppFlowy,2023-06,lead_time_days_median,1.0867592592592592,
appflowy,AppFlowy,AppFlowy-IO/AppFlowy,2023-07,lead_time_days_median,4.999131944444445,
appflowy,AppFlowy,AppFlowy-IO/AppFlowy,2023-08,lead_time_days_median,3.1002430555555556,
appflowy,AppFlowy,AppFlowy-IO/AppFlowy,2023-09,lead_time_days_median,4.686643518518519,
appflowy,AppFlowy,AppFlowy-IO/AppFlowy,2023-10,lead_time_days_median,5.007905092592592,
appflowy,AppFlowy,AppFlowy-IO/AppFlowy,2023-11,lead_time_days_median,6.687696759259259,
appflowy,AppFlowy,AppFlowy-IO/AppFlowy,2023-12,lead_time_days_median,8.182743055555555,
appflowy,AppFlowy,AppFlowy-IO/AppFlowy,2024-01,lead_time_days_median,4.474050925925926,
appflowy,AppFlowy,AppFlowy-IO/AppFlowy,2024-02,lead_time_days_median,4.245081018518518,
appflowy,AppFlowy,AppFlowy-IO/AppFlowy,2024-03,lead_time_days_median,5.11287037037037,
appflowy,AppFlowy,AppFlowy-IO/AppFlowy,2024-04,lead_time_days_median,7.06619212962963,
appflowy,AppFlowy,AppFlowy-IO/AppFlowy,2024-05,lead_time_days_median,5.316278935185185,
appflowy,AppFlowy,AppFlowy-IO/AppFlowy,2024-06,lead_time_days_median,6.341631944444444,
appflowy,AppFlowy,AppFlowy-IO/AppFlowy,2024-07,lead_time_days_median,2.0550925925925925,
appflowy,AppFlowy,AppFlowy-IO/AppFlowy,2024-08,lead_time_days_median,5.17787037037037,
appflowy,AppFlowy,AppFlowy-IO/AppFlowy,2024-09,lead_time_days_median,6.196018518518518,
appflowy,AppFlowy,AppFlowy-IO/AppFlowy,2024-10,lead_time_days_median,5.675509259259259,
appflowy,AppFlowy,AppFlowy-IO/AppFlowy,2024-11,lead_time_days_median,5.204953703703704,
appflowy,AppFlowy,AppFlowy-IO/AppFlowy,2025-01,lead_time_days_median,1.397326388888889,
appflowy,AppFlowy,AppFlowy-IO/AppFlowy,2025-02,lead_time_days_median,0.8894675925925926,
appflowy,AppFlowy,AppFlowy-IO/AppFlowy,2025-03,lead_time_days_median,5.111539351851852,
appflowy,AppFlowy,AppFlowy-IO/AppFlowy,2025-04,lead_time_days_median,6.191597222222223,
appflowy,AppFlowy,AppFlowy-IO/AppFlowy,2025-05,lead_time_days_median,9.47886574074074,
appflowy,AppFlowy,AppFlowy-IO/AppFlowy,2025-07,lead_time_days_median,11.793599537037036,
appflowy,AppFlowy,AppFlowy-IO/AppFlowy,2025-08,lead_time_days_median,8.363090277777777,
appflowy,AppFlowy,AppFlowy-IO/AppFlowy,2025-09,lead_time_days_median,22.20945601851852,
appflowy,AppFlowy,AppFlowy-IO/AppFlowy,2025-10,lead_time_days_median,41.978032407407404,
appflowy,AppFlowy,AppFlowy-IO/AppFlowy,2025-11,lead_time_days_median,8.208072916666666,
appflowy,AppFlowy,AppFlowy-IO/AppFlowy,2025-12,lead_time_days_median,25.419791666666665,
appflowy,AppFlowy,AppFlowy-IO/AppFlowy,2022-06,lead_time_days_min,0.03087962962962963,
appflowy,AppFlowy,AppFlowy-IO/AppFlowy,2022-09,lead_time_days_min,0.0015625,
appflowy,AppFlowy,AppFlowy-IO/AppFlowy,2022-11,lead_time_days_min,0.001388888888888889,
appflowy,AppFlowy,AppFlowy-IO/AppFlowy,2022-12,lead_time_days_min,0.12675925925925927,
appflowy,AppFlowy,AppFlowy-IO/AppFlowy,2023-02,lead_time_days_min,0.002384259259259259,
appflowy,AppFlowy,AppFlowy-IO/AppFlowy,2023-03,lead_time_days_min,0.028900462962962965,
appflowy,AppFlowy,AppFlowy-IO/AppFlowy,2023-05,lead_time_days_min,0.0009722222222222222,
appflowy,AppFlowy,AppFlowy-IO/AppFlowy,2023-06,lead_time_days_min,0.00045138888888888887,
appflowy,AppFlowy,AppFlowy-IO/AppFlowy,2023-07,lead_time_days_min,0.00045138888888888887,
appflowy,AppFlowy,AppFlowy-IO/AppFlowy,2023-08,lead_time_days_min,0.0004166666666666667,
appflowy,AppFlowy,AppFlowy-IO/AppFlowy,2023-09,lead_time_days_min,0.0006134259259259259,
appflowy,AppFlowy,AppFlowy-IO/AppFlowy,2023-10,lead_time_days_min,0.000462962962962963,
appflowy,AppFlowy,AppFlowy-IO/AppFlowy,2023-11,lead_time_days_min,0.5835532407407408,
appflowy,AppFlowy,AppFlowy-IO/AppFlowy,2023-12,lead_time_days_min,0.0006712962962962962,
appflowy,AppFlowy,AppFlowy-IO/AppFlowy,2024-01,lead_time_days_min,0.00034722222222222224,
appflowy,AppFlowy,AppFlowy-IO/AppFlowy,2024-02,lead_time_days_min,0.00037037037037037035,
appflowy,AppFlowy,AppFlowy-IO/AppFlowy,2024-03,lead_time_days_min,0.000462962962962963,
appflowy,AppFlowy,AppFlowy-IO/AppFlowy,2024-04,lead_time_days_min,0.19722222222222222,
appflowy,AppFlowy,AppFlowy-IO/AppFlowy,2024-05,lead_time_days_min,0.0007754629629629629,
appflowy,AppFlowy,AppFlowy-IO/AppFlowy,2024-06,lead_time_days_min,0.005543981481481481,
appflowy,AppFlowy,AppFlowy-IO/AppFlowy,2024-07,lead_time_days_min,0.0007638888888888889,
appflowy,AppFlowy,AppFlowy-IO/AppFlowy,2024-08,lead_time_days_min,0.007268518518518519,
appflowy,AppFlowy,AppFlowy-IO/AppFlowy,2024-09,lead_time_days_min,0.019849537037037037,
appflowy,AppFlowy,AppFlowy-IO/AppFlowy,2024-10,lead_time_days_min,0.0024421296296296296,
appflowy,AppFlowy,AppFlowy-IO/AppFlowy,2024-11,lead_time_days_min,0.02357638888888889,
appflowy,AppFlowy,AppFlowy-IO/AppFlowy,2025-01,lead_time_days_min,0.0004398148148148148,
appflowy,AppFlowy,AppFlowy-IO/AppFlowy,2025-02,lead_time_days_min,0.0002199074074074074,
appflowy,AppFlowy,AppFlowy-IO/AppFlowy,2025-03,lead_time_days_min,0.0003935185185185185,
appflowy,AppFlowy,AppFlowy-IO/AppFlowy,2025-04,lead_time_days_min,0.02013888888888889,
appflowy,AppFlowy,AppFlowy-IO/AppFlowy,2025-05,lead_time_days_min,0.23947916666666666,
appflowy,AppFlowy,AppFlowy-IO/AppFlowy,2025-07,lead_time_days_min,3.2686342592592594,
appflowy,AppFlowy,AppFlowy-IO/AppFlowy,2025-08,lead_time_days_min,8.36167824074074,
appflowy,AppFlowy,AppFlowy-IO/AppFlowy,2025-09,lead_time_days_min,17.172013888888888,
appflowy,AppFlowy,AppFlowy-IO/AppFlowy,2025-10,lead_time_days_min,33.82334490740741,
appflowy,AppFlowy,AppFlowy-IO/AppFlowy,2025-11,lead_time_days_min,7.402002314814815,
appflowy,AppFlowy,AppFlowy-IO/AppFlowy,2025-12,lead_time_days_min,15.947118055555556,
appflowy,AppFlowy,AppFlowy-IO/AppFlowy,2022-06,lead_time_days_max,107.39729166666666,
appflowy,AppFlowy,AppFlowy-IO/AppFlowy,2022-09,lead_time_days_max,93.7741550925926,
appflowy,AppFlowy,AppFlowy-IO/AppFlowy,2022-11,lead_time_days_max,35.90122685185185,
appflowy,AppFlowy,AppFlowy-IO/AppFlowy,2022-12,lead_time_days_max,20.921550925925924,
appflowy,AppFlowy,AppFlowy-IO/AppFlowy,2023-02,lead_time_days_max,50.06728009259259,
appflowy,AppFlowy,AppFlowy-IO/AppFlowy,2023-03,lead_time_days_max,7.113761574074074,
appflowy,AppFlowy,AppFlowy-IO/AppFlowy,2023-05,lead_time_days_max,19.885208333333335,
appflowy,AppFlowy,AppFlowy-IO/AppFlowy,2023-06,lead_time_days_max,6.051701388888889,
appflowy,AppFlowy,AppFlowy-IO/AppFlowy,2023-07,lead_time_days_max,9.19355324074074,
appflowy,AppFlowy,AppFlowy-IO/AppFlowy,2023-08,lead_time_days_max,15.797245370370371,
appflowy,AppFlowy,AppFlowy-IO/AppFlowy,2023-09,lead_time_days_max,13.883541666666666,
appflowy,AppFlowy,AppFlowy-IO/AppFlowy,2023-10,lead_time_days_max,13.79238425925926,
appflowy,AppFlowy,AppFlowy-IO/AppFlowy,2023-11,lead_time_days_max,14.078125,
appflowy,AppFlowy,AppFlowy-IO/AppFlowy,2023-12,lead_time_days_max,24.921099537037037,
appflowy,AppFlowy,AppFlowy-IO/AppFlowy,2024-01,lead_time_days_max,11.545127314814815,
appflowy,AppFlowy,AppFlowy-IO/AppFlowy,2024-02,lead_time_days_max,15.487881944444444,
appflowy,AppFlowy,AppFlowy-IO/AppFlowy,2024-03,lead_time_days_max,14.178043981481482,
appflowy,AppFlowy,AppFlowy-IO/AppFlowy,2024-04,lead_time_days_max,16.21318287037037,
appflowy,AppFlowy,AppFlowy-IO/AppFlowy,2024-05,lead_time_days_max,12.961041666666667,
appflowy,AppFlowy,AppFlowy-IO/AppFlowy,2024-06,lead_time_days_max,15.739375,
appflowy,AppFlowy,AppFlowy-IO/AppFlowy,2024-07,lead_time_days_max,8.119664351851851,
appflowy,AppFlowy,AppFlowy-IO/AppFlowy,2024-08,lead_time_days_max,13.806412037037036,
appflowy,AppFlowy,AppFlowy-IO/AppFlowy,2024-09,lead_time_days_max,20.167546296296297,
appflowy,AppFlowy,AppFlowy-IO/AppFlowy,2024-10,lead_time_days_max,13.915451388888888,
appflowy,AppFlowy,AppFlowy-IO/AppFlowy,2024-11,lead_time_days_max,17.055752314814814,
appflowy,AppFlowy,AppFlowy-IO/AppFlowy,2025-01,lead_time_days_max,8.923993055555556,
appflowy,AppFlowy,AppFlowy-IO/AppFlowy,2025-02,lead_time_days_max,12.949594907407407,
appflowy,AppFlowy,AppFlowy-IO/AppFlowy,2025-03,lead_time_days_max,14.147534722222222,
appflowy,AppFlowy,AppFlowy-IO/AppFlowy,2025-04,lead_time_days_max,14.914953703703704,
appflowy,AppFlowy,AppFlowy-IO/AppFlowy,2025-05,lead_time_days_max,15.439490740740741,
appflowy,AppFlowy,AppFlowy-IO/AppFlowy,2025-07,lead_time_days_max,24.357199074074074,
appflowy,AppFlowy,AppFlowy-IO/AppFlowy,2025-08,lead_time_days_max,45.33851851851852,
appflowy,AppFlowy,AppFlowy-IO/AppFlowy,2025-09,lead_time_days_max,40.400486111111114,
appflowy,AppFlowy,AppFlowy-IO/AppFlowy,2025-10,lead_time_days_max,49.2115162037037,
appflowy,AppFlowy,AppFlowy-IO/AppFlowy,2025-11,lead_time_days_max,63.16295138888889,
appflowy,AppFlowy,AppFlowy-IO/AppFlowy,2025-12,lead_time_days_max,35.72737268518519,
appflowy,AppFlowy,AppFlowy-IO/AppFlowy,2022-06,recovery_time_days_mean,50.12741203703704,
appflowy,AppFlowy,AppFlowy-IO/AppFlowy,2022-09,recovery_time_days_mean,43.636485690235695,
appflowy,AppFlowy,AppFlowy-IO/AppFlowy,2022-10,recovery_time_days_mean,31.685803571428572,
appflowy,AppFlowy,AppFlowy-IO/AppFlowy,2022-11,recovery_time_days_mean,59.87018931878307,
appflowy,AppFlowy,AppFlowy-IO/AppFlowy,2022-12,recovery_time_days_mean,31.944477719907407,
appflowy,AppFlowy,AppFlowy-IO/AppFlowy,2023-02,recovery_time_days_mean,44.86895006613757,
appflowy,AppFlowy,AppFlowy-IO/AppFlowy,2023-03,recovery_time_days_mean,60.9456841563786,
appflowy,AppFlowy,AppFlowy-IO/AppFlowy,2023-04,recovery_time_days_mean,54.69567418981481,
appflowy,AppFlowy,AppFlowy-IO/AppFlowy,2023-05,recovery_time_days_mean,41.60992651808785,
appflowy,AppFlowy,AppFlowy-IO/AppFlowy,2023-06,recovery_time_days_mean,67.14866079980843,
appflowy,AppFlowy,AppFlowy-IO/AppFlowy,2023-07,recovery_time_days_mean,50.30261100589226,
appflowy,AppFlowy,AppFlowy-IO/AppFlowy,2023-08,recovery_time_days_mean,33.260313298212004,
appflowy,AppFlowy,AppFlowy-IO/AppFlowy,2023-09,recovery_time_days_mean,88.503288166215,
appflowy,AppFlowy,AppFlowy-IO/AppFlowy,2023-10,recovery_time_days_mean,26.836176346801345,
appflowy,AppFlowy,AppFlowy-IO/AppFlowy,2023-11,recovery_time_days_mean,48.07366030092592,
appflowy,AppFlowy,AppFlowy-IO/AppFlowy,2023-12,recovery_time_days_mean,165.8482465277778,
appflowy,AppFlowy,AppFlowy-IO/AppFlowy,2024-01,recovery_time_days_mean,20.63738136574074,
appflowy,AppFlowy,AppFlowy-IO/AppFlowy,2024-02,recovery_time_days_mean,34.01752160493827,
appflowy,AppFlowy,AppFlowy-IO/AppFlowy,2024-03,recovery_time_days_mean,57.57395925925926,
appflowy,AppFlowy,AppFlowy-IO/AppFlowy,2024-04,recovery_time_days_mean,178.93168518518516,
appflowy,AppFlowy,AppFlowy-IO/AppFlowy,2024-05,recovery_time_days_mean,60.46325409544159,
appflowy,AppFlowy,AppFlowy-IO/AppFlowy,2024-06,recovery_time_days_mean,40.01325424382716,
appflowy,AppFlowy,AppFlowy-IO/AppFlowy,2024-07,recovery_time_days_mean,189.56400405092592,
appflowy,AppFlowy,AppFlowy-IO/AppFlowy,2024-09,recovery_time_days_mean,89.95253986625514,
appflowy,AppFlowy,AppFlowy-IO/AppFlowy,2024-10,recovery_time_days_mean,140.19217261904762,
appflowy,AppFlowy,AppFlowy-IO/AppFlowy,2024-11,recovery_time_days_mean,90.46962436868687,
appflowy,AppFlowy,AppFlowy-IO/AppFlowy,2024-12,recovery_time_days_mean,173.22395041423002,
appflowy,AppFlowy,AppFlowy-IO/AppFlowy,2025-01,recovery_time_days_mean,181.4658699223417,
appflowy,AppFlowy,AppFlowy-IO/AppFlowy,2025-02,recovery_time_days_mean,243.06120138888892,
appflowy,AppFlowy,AppFlowy-IO/AppFlowy,2025-03,recovery_time_days_mean,7.91048225308642,
appflowy,AppFlowy,AppFlowy-IO/AppFlowy,2025-04,recovery_time_days_mean,266.63977083333333,
appflowy,AppFlowy,AppFlowy-IO/AppFlowy,2025-05,recovery_time_days_mean,243.409933127572,
appflowy,AppFlowy,AppFlowy-IO/AppFlowy,2025-07,recovery_time_days_mean,269.0423683984911,
appflowy,AppFlowy,AppFlowy-IO/AppFlowy,2025-09,recovery_time_days_mean,280.33331222766884,
appflowy,AppFlowy,AppFlowy-IO/AppFlowy,2025-10,recovery_time_days_mean,360.917585978836,
appflowy,AppFlowy,AppFlowy-IO/AppFlowy,2025-11,recovery_time_days_mean,417.01546585648146,
appflowy,AppFlowy,AppFlowy-IO/AppFlowy,2025-12,recovery_time_days_mean,350.06858972849966,
appflowy,AppFlowy,AppFlowy-IO/AppFlowy,2022-06,recovery_time_days_median,17.660717592592594,
appflowy,AppFlowy,AppFlowy-IO/AppFlowy,2022-09,recovery_time_days_median,27.77974537037037,
appflowy,AppFlowy,AppFlowy-IO/AppFlowy,2022-10,recovery_time_days_median,30.802939814814813,
appflowy,AppFlowy,AppFlowy-IO/AppFlowy,2022-11,recovery_time_days_median,38.10464120370371,
appflowy,AppFlowy,AppFlowy-IO/AppFlowy,2022-12,recovery_time_days_median,19.857916666666668,
appflowy,AppFlowy,AppFlowy-IO/AppFlowy,2023-02,recovery_time_days_median,48.57252314814815,
appflowy,AppFlowy,AppFlowy-IO/AppFlowy,2023-03,recovery_time_days_median,16.43353587962963,
appflowy,AppFlowy,AppFlowy-IO/AppFlowy,2023-04,recovery_time_days_median,28.111226851851853,
appflowy,AppFlowy,AppFlowy-IO/AppFlowy,2023-05,recovery_time_days_median,10.924386574074074,
appflowy,AppFlowy,AppFlowy-IO/AppFlowy,2023-06,recovery_time_days_median,28.79728587962963,
appflowy,AppFlowy,AppFlowy-IO/AppFlowy,2023-07,recovery_time_days_median,12.867690972222222,
appflowy,AppFlowy,AppFlowy-IO/AppFlowy,2023-08,recovery_time_days_median,11.018287037037037,
appflowy,AppFlowy,AppFlowy-IO/AppFlowy,2023-09,recovery_time_days_median,25.033483796296295,
appflowy,AppFlowy,AppFlowy-IO/AppFlowy,2023-10,recovery_time_days_median,12.704143518518519,
appflowy,AppFlowy,AppFlowy-IO/AppFlowy,2023-11,recovery_time_days_median,16.230538194444446,
appflowy,AppFlowy,AppFlowy-IO/AppFlowy,2023-12,recovery_time_days_median,115.66222222222223,
appflowy,AppFlowy,AppFlowy-IO/AppFlowy,2024-01,recovery_time_days_median,12.861631944444444,
appflowy,AppFlowy,AppFlowy-IO/AppFlowy,2024-02,recovery_time_days_median,22.60769675925926,
appflowy,AppFlowy,AppFlowy-IO/AppFlowy,2024-03,recovery_time_days_median,48.689930555555556,
appflowy,AppFlowy,AppFlowy-IO/AppFlowy,2024-04,recovery_time_days_median,152.8011747685185,
appflowy,AppFlowy,AppFlowy-IO/AppFlowy,2024-05,recovery_time_days_median,43.44878472222222,
appflowy,AppFlowy,AppFlowy-IO/AppFlowy,2024-06,recovery_time_days_median,28.33700810185185,
appflowy,AppFlowy,AppFlowy-IO/AppFlowy,2024-07,recovery_time_days_median,198.23125578703704,
appflowy,AppFlowy,AppFlowy-IO/AppFlowy,2024-09,recovery_time_days_median,25.937158564814816,
appflowy,AppFlowy,AppFlowy-IO/AppFlowy,2024-10,recovery_time_days_median,106.5970775462963,
appflowy,AppFlowy,AppFlowy-IO/AppFlowy,2024-11,recovery_time_days_median,9.915810185185185,
appflowy,AppFlowy,AppFlowy-IO/AppFlowy,2024-12,recovery_time_days_median,99.56168981481481,
appflowy,AppFlowy,AppFlowy-IO/AppFlowy,2025-01,recovery_time_days_median,128.51335648148148,
appflowy,AppFlowy,AppFlowy-IO/AppFlowy,2025-02,recovery_time_days_median,24.89292824074074,
appflowy,AppFlowy,AppFlowy-IO/AppFlowy,2025-03,recovery_time_days_median,6.060810185185185,
appflowy,AppFlowy,AppFlowy-IO/AppFlowy,2025-04,recovery_time_days_median,200.4718287037037,
appflowy,AppFlowy,AppFlowy-IO/AppFlowy,2025-05,recovery_time_days_median,216.78555555555556,
appflowy,AppFlowy,AppFlowy-IO/AppFlowy,2025-07,recovery_time_days_median,251.95974537037037,
appflowy,AppFlowy,AppFlowy-IO/AppFlowy,2025-09,recovery_time_days_median,243.86577546296297,
appflowy,AppFlowy,AppFlowy-IO/AppFlowy,2025-10,recovery_time_days_median,405.7081712962963,
appflowy,AppFlowy,AppFlowy-IO/AppFlowy,2025-11,recovery_time_days_median,430.65115740740737,
appflowy,AppFlowy,AppFlowy-IO/AppFlowy,2025-12,recovery_time_days_median,310.56364583333334,
appflowy,AppFlowy,AppFlowy-IO/AppFlowy,2022-02,adapted_bugfix_deployment_rate,0.0,This is an adapted proxy for change failure rate because full SZZ bug-inducing commit detection was not implemented.
appflowy,AppFlowy,AppFlowy-IO/AppFlowy,2022-06,adapted_bugfix_deployment_rate,1.0,This is an adapted proxy for change failure rate because full SZZ bug-inducing commit detection was not implemented.
appflowy,AppFlowy,AppFlowy-IO/AppFlowy,2022-09,adapted_bugfix_deployment_rate,1.0,This is an adapted proxy for change failure rate because full SZZ bug-inducing commit detection was not implemented.
appflowy,AppFlowy,AppFlowy-IO/AppFlowy,2022-10,adapted_bugfix_deployment_rate,1.0,This is an adapted proxy for change failure rate because full SZZ bug-inducing commit detection was not implemented.
appflowy,AppFlowy,AppFlowy-IO/AppFlowy,2022-11,adapted_bugfix_deployment_rate,1.0,This is an adapted proxy for change failure rate because full SZZ bug-inducing commit detection was not implemented.
appflowy,AppFlowy,AppFlowy-IO/AppFlowy,2022-12,adapted_bugfix_deployment_rate,1.0,This is an adapted proxy for change failure rate because full SZZ bug-inducing commit detection was not implemented.
appflowy,AppFlowy,AppFlowy-IO/AppFlowy,2023-02,adapted_bugfix_deployment_rate,1.0,This is an adapted proxy for change failure rate because full SZZ bug-inducing commit detection was not implemented.
appflowy,AppFlowy,AppFlowy-IO/AppFlowy,2023-03,adapted_bugfix_deployment_rate,1.0,This is an adapted proxy for change failure rate because full SZZ bug-inducing commit detection was not implemented.
appflowy,AppFlowy,AppFlowy-IO/AppFlowy,2023-04,adapted_bugfix_deployment_rate,1.0,This is an adapted proxy for change failure rate because full SZZ bug-inducing commit detection was not implemented.
appflowy,AppFlowy,AppFlowy-IO/AppFlowy,2023-05,adapted_bugfix_deployment_rate,1.0,This is an adapted proxy for change failure rate because full SZZ bug-inducing commit detection was not implemented.
appflowy,AppFlowy,AppFlowy-IO/AppFlowy,2023-06,adapted_bugfix_deployment_rate,1.0,This is an adapted proxy for change failure rate because full SZZ bug-inducing commit detection was not implemented.
appflowy,AppFlowy,AppFlowy-IO/AppFlowy,2023-07,adapted_bugfix_deployment_rate,1.0,This is an adapted proxy for change failure rate because full SZZ bug-inducing commit detection was not implemented.
appflowy,AppFlowy,AppFlowy-IO/AppFlowy,2023-08,adapted_bugfix_deployment_rate,1.0,This is an adapted proxy for change failure rate because full SZZ bug-inducing commit detection was not implemented.
appflowy,AppFlowy,AppFlowy-IO/AppFlowy,2023-09,adapted_bugfix_deployment_rate,1.0,This is an adapted proxy for change failure rate because full SZZ bug-inducing commit detection was not implemented.
appflowy,AppFlowy,AppFlowy-IO/AppFlowy,2023-10,adapted_bugfix_deployment_rate,1.0,This is an adapted proxy for change failure rate because full SZZ bug-inducing commit detection was not implemented.
appflowy,AppFlowy,AppFlowy-IO/AppFlowy,2023-11,adapted_bugfix_deployment_rate,1.0,This is an adapted proxy for change failure rate because full SZZ bug-inducing commit detection was not implemented.
appflowy,AppFlowy,AppFlowy-IO/AppFlowy,2023-12,adapted_bugfix_deployment_rate,1.0,This is an adapted proxy for change failure rate because full SZZ bug-inducing commit detection was not implemented.
appflowy,AppFlowy,AppFlowy-IO/AppFlowy,2024-01,adapted_bugfix_deployment_rate,0.6666666666666666,This is an adapted proxy for change failure rate because full SZZ bug-inducing commit detection was not implemented.
appflowy,AppFlowy,AppFlowy-IO/AppFlowy,2024-02,adapted_bugfix_deployment_rate,0.6666666666666666,This is an adapted proxy for change failure rate because full SZZ bug-inducing commit detection was not implemented.
appflowy,AppFlowy,AppFlowy-IO/AppFlowy,2024-03,adapted_bugfix_deployment_rate,1.0,This is an adapted proxy for change failure rate because full SZZ bug-inducing commit detection was not implemented.
appflowy,AppFlowy,AppFlowy-IO/AppFlowy,2024-04,adapted_bugfix_deployment_rate,1.0,This is an adapted proxy for change failure rate because full SZZ bug-inducing commit detection was not implemented.
appflowy,AppFlowy,AppFlowy-IO/AppFlowy,2024-05,adapted_bugfix_deployment_rate,1.0,This is an adapted proxy for change failure rate because full SZZ bug-inducing commit detection was not implemented.
appflowy,AppFlowy,AppFlowy-IO/AppFlowy,2024-06,adapted_bugfix_deployment_rate,1.0,This is an adapted proxy for change failure rate because full SZZ bug-inducing commit detection was not implemented.
appflowy,AppFlowy,AppFlowy-IO/AppFlowy,2024-07,adapted_bugfix_deployment_rate,0.8,This is an adapted proxy for change failure rate because full SZZ bug-inducing commit detection was not implemented.
appflowy,AppFlowy,AppFlowy-IO/AppFlowy,2024-08,adapted_bugfix_deployment_rate,0.0,This is an adapted proxy for change failure rate because full SZZ bug-inducing commit detection was not implemented.
appflowy,AppFlowy,AppFlowy-IO/AppFlowy,2024-09,adapted_bugfix_deployment_rate,1.0,This is an adapted proxy for change failure rate because full SZZ bug-inducing commit detection was not implemented.
appflowy,AppFlowy,AppFlowy-IO/AppFlowy,2024-10,adapted_bugfix_deployment_rate,1.0,This is an adapted proxy for change failure rate because full SZZ bug-inducing commit detection was not implemented.
appflowy,AppFlowy,AppFlowy-IO/AppFlowy,2024-11,adapted_bugfix_deployment_rate,1.0,This is an adapted proxy for change failure rate because full SZZ bug-inducing commit detection was not implemented.
appflowy,AppFlowy,AppFlowy-IO/AppFlowy,2024-12,adapted_bugfix_deployment_rate,1.0,This is an adapted proxy for change failure rate because full SZZ bug-inducing commit detection was not implemented.
appflowy,AppFlowy,AppFlowy-IO/AppFlowy,2025-01,adapted_bugfix_deployment_rate,0.6666666666666666,This is an adapted proxy for change failure rate because full SZZ bug-inducing commit detection was not implemented.
appflowy,AppFlowy,AppFlowy-IO/AppFlowy,2025-02,adapted_bugfix_deployment_rate,1.0,This is an adapted proxy for change failure rate because full SZZ bug-inducing commit detection was not implemented.
appflowy,AppFlowy,AppFlowy-IO/AppFlowy,2025-03,adapted_bugfix_deployment_rate,0.6666666666666666,This is an adapted proxy for change failure rate because full SZZ bug-inducing commit detection was not implemented.
appflowy,AppFlowy,AppFlowy-IO/AppFlowy,2025-04,adapted_bugfix_deployment_rate,0.5,This is an adapted proxy for change failure rate because full SZZ bug-inducing commit detection was not implemented.
appflowy,AppFlowy,AppFlowy-IO/AppFlowy,2025-05,adapted_bugfix_deployment_rate,0.6666666666666666,This is an adapted proxy for change failure rate because full SZZ bug-inducing commit detection was not implemented.
appflowy,AppFlowy,AppFlowy-IO/AppFlowy,2025-07,adapted_bugfix_deployment_rate,0.5,This is an adapted proxy for change failure rate because full SZZ bug-inducing commit detection was not implemented.
appflowy,AppFlowy,AppFlowy-IO/AppFlowy,2025-08,adapted_bugfix_deployment_rate,0.0,This is an adapted proxy for change failure rate because full SZZ bug-inducing commit detection was not implemented.
appflowy,AppFlowy,AppFlowy-IO/AppFlowy,2025-09,adapted_bugfix_deployment_rate,1.0,This is an adapted proxy for change failure rate because full SZZ bug-inducing commit detection was not implemented.
appflowy,AppFlowy,AppFlowy-IO/AppFlowy,2025-10,adapted_bugfix_deployment_rate,0.3333333333333333,This is an adapted proxy for change failure rate because full SZZ bug-inducing commit detection was not implemented.
appflowy,AppFlowy,AppFlowy-IO/AppFlowy,2025-11,adapted_bugfix_deployment_rate,1.0,This is an adapted proxy for change failure rate because full SZZ bug-inducing commit detection was not implemented.
appflowy,AppFlowy,AppFlowy-IO/AppFlowy,2025-12,adapted_bugfix_deployment_rate,0.75,This is an adapted proxy for change failure rate because full SZZ bug-inducing commit detection was not implemented.
